Timestamp,Total Vehicles,Number of Cars,Number of Trucks,Number of Two Wheelers,Number of Buses,Occupation Ratio
2024-12-09 23:56:04,1,0,1,0,0,0.0018634804173390306
2024-12-10 00:01:25,1,0,1,0,0,0.03370381338603457
2024-12-10 00:06:45,0,0,0,0,0,0.0
2024-12-10 00:11:25,2,2,0,0,0,0.005597492259001618
2024-12-10 00:16:05,3,2,0,1,0,0.016528567658441164
2024-12-10 00:21:05,2,2,0,0,0,0.0018453492565216778
2024-12-10 00:26:06,2,2,0,0,0,0.001388041089239559
2024-12-10 00:31:06,1,1,0,0,0,0.0016519502078032487
2024-12-10 00:36:26,1,1,0,0,0,0.0006527217894246982
2024-12-10 00:41:46,5,5,0,0,0,0.0433385107870334
2024-12-10 00:46:06,3,3,0,0,0,0.013152142599565255
2024-12-10 00:51:06,1,1,0,0,0,0.0007594941809046644
2024-12-10 00:56:07,4,4,0,0,0,0.018910800732498897
2024-12-10 01:01:07,3,2,1,0,0,0.007139648215188675
2024-12-10 01:06:07,1,1,0,0,0,0.0009065580408676364
2024-12-10 01:11:27,2,1,1,0,0,0.007829639612960154
2024-12-10 01:16:07,3,1,2,0,0,0.07532993676254021
2024-12-10 01:21:28,2,1,1,0,0,0.005285233378258321
2024-12-10 01:26:28,1,1,0,0,0,0.0025665665423674866
2024-12-10 01:31:28,0,0,0,0,0,0.0
2024-12-10 01:36:08,2,2,0,0,0,0.0010475781805581578
2024-12-10 01:46:09,0,0,0,0,0,0.0
2024-12-10 01:51:09,0,0,0,0,0,0.0
2024-12-10 01:56:09,4,3,0,1,0,0.03577580215277316
2024-12-10 02:01:09,1,0,0,1,0,0.0007413630200873116
2024-12-10 02:06:09,2,2,0,0,0,0.0013044362921373215
2024-12-10 02:11:10,3,1,1,0,1,0.018110007796399152
2024-12-10 02:16:10,0,0,0,0,0,0.0
2024-12-10 02:21:10,2,2,0,0,0,0.004695970651694357
2024-12-10 02:26:10,1,1,0,0,0,0.0008471281248552025
2024-12-10 02:31:10,0,0,0,0,0,0.0
2024-12-10 02:36:11,3,3,0,0,0,0.028281589014934033
2024-12-10 02:41:11,2,2,0,0,0,0.003076253618677513
2024-12-10 02:46:11,1,1,0,0,0,0.0007887054955548437
2024-12-10 02:51:11,1,1,0,0,0,0.0009055507541555613
2024-12-10 02:56:11,1,1,0,0,0,0.013199485075032788
2024-12-10 03:01:12,3,3,0,0,0,0.0061827258387172805
2024-12-10 03:06:12,1,1,0,0,0,0.011313844350028104
2024-12-10 03:11:12,0,0,0,0,0,0.0
2024-12-10 03:16:12,1,0,0,1,0,0.0005741534258828365
2024-12-10 03:21:33,0,0,0,0,0,0.0
2024-12-10 03:26:13,2,2,0,0,0,0.005101907196660643
2024-12-10 03:36:13,1,1,0,0,0,0.008275867626409446
2024-12-10 03:41:33,0,0,0,0,0,0.0
2024-12-10 03:46:34,0,0,0,0,0,0.0
2024-12-10 03:51:14,0,0,0,0,0,0.0
2024-12-10 03:56:14,3,2,0,1,0,0.002768023884782517
2024-12-10 04:01:34,0,0,0,0,0,0.0
2024-12-10 04:06:14,0,0,0,0,0,0.0
2024-12-10 04:11:15,1,1,0,0,0,0.0016519502078032487
2024-12-10 04:15:55,1,0,0,1,0,0.0005550149783534085
2024-12-10 04:21:15,1,1,0,0,0,0.002882854569959084
2024-12-10 04:26:15,0,0,0,0,0,0.0
2024-12-10 04:31:15,1,1,0,0,0,0.0025685811157916366
2024-12-10 04:36:16,3,2,1,0,0,0.049035724430530454
2024-12-10 04:41:16,2,1,0,0,1,0.005077732315570839
2024-12-10 04:46:36,0,0,0,0,0,0.0
2024-12-10 04:51:16,0,0,0,0,0,0.0
2024-12-10 04:56:16,0,0,0,0,0,0.0
2024-12-10 05:01:17,0,0,0,0,0,0.0
2024-12-10 05:06:17,0,0,0,0,0,0.0
2024-12-10 05:11:17,2,2,0,0,0,0.0015824474246700633
2024-12-10 05:16:17,1,0,1,0,0,0.0021354478295993215
2024-12-10 05:21:17,2,2,0,0,0,0.0015925202917908146
2024-12-10 05:26:18,1,1,0,0,0,0.0008159022367808729
2024-12-10 05:30:58,1,1,0,0,0,0.0009367766422298911
2024-12-10 05:35:58,1,1,0,0,0,0.00103045430645288
2024-12-10 05:40:58,0,0,0,0,0,0.0
2024-12-10 05:45:58,1,0,0,1,0,0.0007615087543288146
2024-12-10 05:51:18,5,5,0,0,0,0.04796094950874627
2024-12-10 05:56:19,2,2,0,0,0,0.006858615222519708
2024-12-10 06:01:19,4,2,2,0,0,0.023432510783004252
2024-12-10 06:05:59,3,3,0,0,0,0.007726896368328488
2024-12-10 06:11:19,4,3,0,1,0,0.001958165368274095
2024-12-10 06:16:19,3,2,0,0,1,0.011886990489198864
2024-12-10 06:21:20,3,2,1,0,0,0.07688921659283256
2024-12-10 06:26:20,4,1,0,3,0,0.012509493677261308
2024-12-10 06:31:20,7,6,0,1,0,0.03528525352399256
2024-12-10 06:36:20,0,0,0,0,0,0.0
2024-12-10 06:41:40,3,3,0,0,0,0.027701391868778746
2024-12-10 06:46:21,12,11,0,0,1,0.07325190427552918
2024-12-10 06:51:21,6,4,0,2,0,0.00454991407844346
2024-12-10 06:56:01,7,6,1,0,0,0.00391633073654819
2024-12-10 07:01:21,7,4,2,1,0,0.08288156524296762
2024-12-10 07:06:41,9,5,3,1,0,0.07203208006720617
2024-12-10 07:11:02,10,7,2,1,0,0.06545046869050714
2024-12-10 07:16:22,12,10,1,0,1,0.027309557337781513
2024-12-10 07:21:22,10,8,1,1,0,0.040426444902424134
2024-12-10 07:26:42,15,13,2,0,0,0.01691335118245387
2024-12-10 07:31:02,5,4,1,0,0,0.017765515740869448
2024-12-10 07:36:42,10,8,2,0,0,0.017629532034739305
2024-12-10 07:41:03,15,12,2,1,0,0.06717393625486771
2024-12-10 07:46:03,17,12,2,3,0,0.053565492774732416
2024-12-10 07:51:23,11,7,4,0,0,0.06297556523893848
2024-12-10 07:56:03,10,9,1,0,0,0.06156536384203327
2024-12-10 08:02:43,13,9,4,0,0,0.029787482649486385
2024-12-10 08:05:03,13,9,4,0,0,0.029787482649486385
2024-12-10 08:06:44,12,10,1,1,0,0.014342755493238084
2024-12-10 08:11:24,15,14,1,0,0,0.05423735301168654
2024-12-10 08:16:24,8,8,0,0,0,0.00766847373902813
2024-12-10 08:21:24,13,12,1,0,0,0.05129506852571502
2024-12-10 08:26:04,9,7,2,0,0,0.022544083902953968
2024-12-10 08:31:24,16,14,2,0,0,0.048608634864610596
2024-12-10 08:36:45,15,12,3,0,0,0.09395063892196147
2024-12-10 08:41:05,15,14,0,1,0,0.024834653886212865
2024-12-10 08:46:25,19,14,5,0,0,0.13295278041351133
2024-12-10 08:51:25,10,9,0,1,0,0.006800192593219349
2024-12-10 08:56:25,17,13,2,1,1,0.05634157495321153
2024-12-10 09:01:05,18,13,4,1,0,0.11823833612351753
2024-12-10 09:06:46,6,5,1,0,0,0.025934610975798928
2024-12-10 09:11:26,8,6,2,0,0,0.010353900113420484
2024-12-10 09:16:26,15,14,1,0,0,0.11364813057659107
2024-12-10 09:21:06,11,11,0,0,0,0.012564894446425442
2024-12-10 09:26:26,12,11,1,0,0,0.013771623927491473
2024-12-10 09:31:06,10,10,0,0,0,0.019048799012053193
2024-12-10 09:36:07,11,10,1,0,0,0.03979588342066509
2024-12-10 09:41:07,13,10,2,1,0,0.0685529117636986
2024-12-10 09:46:27,13,13,0,0,0,0.04435083393266893
2024-12-10 09:51:27,14,13,1,0,0,0.01860861471887635
2024-12-10 09:56:07,13,13,0,0,0,0.022108936043337503
2024-12-10 10:01:27,8,7,1,0,0,0.04905385559134781
2024-12-10 10:06:28,13,9,3,1,0,0.034304156266431365
2024-12-10 10:11:08,10,9,1,0,0,0.012745198767886894
2024-12-10 10:16:08,19,16,3,0,0,0.07865901934594859
2024-12-10 10:21:08,7,6,1,0,0,0.044082895667256934
2024-12-10 10:26:08,10,9,1,0,0,0.08875706863450199
2024-12-10 10:31:28,19,15,3,1,0,0.02804689121102052
2024-12-10 10:36:29,13,12,0,1,0,0.039972158595278244
2024-12-10 10:41:09,7,6,1,0,0,0.0034016072266777873
2024-12-10 10:46:29,8,7,1,0,0,0.02943694687368423
2024-12-10 10:51:09,10,10,0,0,0,0.017161143713624358
2024-12-10 10:56:09,15,12,2,0,1,0.07985769053331802
2024-12-10 11:01:10,8,7,1,0,0,0.026428181464715754
2024-12-10 11:06:30,11,10,1,0,0,0.056907670085397766
2024-12-10 11:11:10,5,5,0,0,0,0.021950792029541706
2024-12-10 11:16:10,8,7,0,1,0,0.020865944240636765
2024-12-10 11:21:30,8,4,4,0,0,0.040196783532071
2024-12-10 11:26:30,9,5,4,0,0,0.09685061736602583
2024-12-10 11:31:31,9,8,1,0,0,0.010528160714609484
2024-12-10 11:36:31,13,11,1,1,0,0.08635368253949068
2024-12-10 11:41:31,9,7,1,1,0,0.044608699330960164
2024-12-10 11:46:11,8,8,0,0,0,0.015154628583170656
2024-12-10 11:51:11,21,17,3,1,0,0.1233674400614042
2024-12-10 11:56:12,16,12,2,2,0,0.032781138757773734
2024-12-10 12:01:32,12,11,1,0,0,0.028712707727702198
2024-12-10 12:06:32,8,8,0,0,0,0.009118966604416348
2024-12-10 12:11:32,15,14,1,0,0,0.022523938168712464
2024-12-10 12:16:12,9,7,2,0,0,0.02587215919965027
2024-12-10 12:21:12,14,10,1,3,0,0.07463692350463251
2024-12-10 12:26:13,18,16,2,0,0,0.09946351909714878
2024-12-10 12:31:33,11,7,4,0,0,0.06159860430353175
2024-12-10 12:36:33,11,11,0,0,0,0.03565392046061207
2024-12-10 12:41:33,17,14,3,0,0,0.06872012135790308
2024-12-10 12:46:13,13,9,3,1,0,0.06249811133741486
2024-12-10 12:51:53,8,7,1,0,0,0.018670059208312936
2024-12-10 12:56:14,13,12,1,0,0,0.04065207712592897
2024-12-10 13:01:34,11,10,0,1,0,0.025794598122820485
2024-12-10 13:06:34,15,11,4,0,0,0.02615923591259169
2024-12-10 13:10:54,7,5,2,0,0,0.005311422832772274
2024-12-10 13:15:54,7,4,2,1,0,0.052994361208985805
2024-12-10 13:21:14,11,10,1,0,0,0.03564384759349132
2024-12-10 13:26:35,12,12,0,0,0,0.018325567152783235
2024-12-10 13:31:15,15,15,0,0,0,0.021305121247101533
2024-12-10 13:35:55,14,13,1,0,0,0.07871643468853688
2024-12-10 13:41:35,11,10,1,0,0,0.04154352586611548
2024-12-10 13:46:35,8,8,0,0,0,0.033728995553836454
2024-12-10 13:51:35,13,13,0,0,0,0.058707691439876065
2024-12-10 13:56:16,4,2,2,0,0,0.09339562394360806
2024-12-10 14:01:36,8,7,1,0,0,0.01325085669734862
2024-12-10 14:06:36,8,7,1,0,0,0.008259751039016244
2024-12-10 14:11:16,8,8,0,0,0,0.016362365350948763
2024-12-10 14:16:16,8,7,1,0,0,0.0747749217841868
2024-12-10 14:21:36,18,15,2,1,0,0.05645439106496395
2024-12-10 14:25:57,9,8,0,1,0,0.006867680802928384
2024-12-10 14:31:17,10,8,2,0,0,0.019702528088189966
2024-12-10 14:36:37,9,6,3,0,0,0.03790621354881211
2024-12-10 14:40:57,15,13,2,0,0,0.06223621679227532
2024-12-10 14:46:17,19,17,2,0,0,0.13396510355914687
2024-12-10 14:51:17,11,10,1,0,0,0.021843012351349663
2024-12-10 14:56:38,18,16,2,0,0,0.04296480741685352
2024-12-10 15:00:58,5,5,0,0,0,0.009473531527066802
2024-12-10 15:06:18,7,7,0,0,0,0.034632531734567866
2024-12-10 15:11:38,13,11,1,1,0,0.008141898493703451
2024-12-10 15:16:18,14,11,3,0,0,0.1246930293744951
2024-12-10 15:21:38,17,17,0,0,0,0.019878803262803117
2024-12-10 15:26:19,8,4,3,1,0,0.03202365915029322
2024-12-10 15:31:19,14,13,0,1,0,0.021876252812848142
2024-12-10 15:36:39,10,9,0,1,0,0.012226446111168191
2024-12-10 15:41:19,22,19,2,1,0,0.10354504485447728
2024-12-10 15:45:59,18,17,1,0,0,0.07112451473962646
2024-12-10 15:51:39,14,12,1,1,0,0.11100198838396963
2024-12-10 15:56:20,11,8,2,1,0,0.02188128924640852
2024-12-10 16:01:20,10,10,0,0,0,0.016378481938341967
2024-12-10 16:06:20,12,11,0,1,0,0.045518279231964026
2024-12-10 16:11:40,10,10,0,0,0,0.032274473541599936
2024-12-10 16:16:20,11,10,1,0,0,0.04149114695708757
2024-12-10 16:21:41,13,12,1,0,0,0.02083371106585036
2024-12-10 16:26:01,12,10,2,0,0,0.030709149991035148
2024-12-10 16:31:21,17,11,4,2,0,0.02496056472522226
2024-12-10 16:36:41,15,13,1,1,0,0.053966392886138324
2024-12-10 16:41:01,13,11,1,0,1,0.12741874721737045
2024-12-10 16:46:41,20,18,2,0,0,0.04113557474772504
2024-12-10 16:51:22,13,13,0,0,0,0.02580567827665331
2024-12-10 16:56:42,11,6,3,2,0,0.04768596023634975
2024-12-10 17:01:22,4,4,0,0,0,0.00867374587767913
2024-12-10 17:06:22,8,8,0,0,0,0.00817110980835363
2024-12-10 17:11:02,15,12,3,0,0,0.0833449171305222
2024-12-10 17:16:22,10,10,0,0,0,0.025600191787389977
2024-12-10 17:21:23,18,12,4,2,0,0.04295574183644484
2024-12-10 17:26:23,15,13,2,0,0,0.03899408319785327
2024-12-10 17:31:03,14,11,1,2,0,0.010832361301656181
2024-12-10 17:36:23,13,11,1,1,0,0.09737742831644114
2024-12-10 17:41:23,20,19,0,1,0,0.031733560577215575
2024-12-10 17:46:43,11,10,0,1,0,0.05488806022768709
2024-12-10 17:51:23,16,12,3,1,0,0.12277918462155231
2024-12-10 17:56:44,17,15,2,0,0,0.0964346079539388
2024-12-10 18:01:04,14,13,1,0,0,0.039687096455760976
2024-12-10 18:06:44,15,12,3,0,0,0.043534931695888054
2024-12-10 18:11:24,20,17,3,0,0,0.05878726709013
2024-12-10 18:16:24,24,19,3,2,0,0.0658936748438202
2024-12-10 18:21:24,18,15,2,0,1,0.05855256928621649
2024-12-10 18:26:25,26,25,1,0,0,0.05433405253604576
2024-12-10 18:31:05,22,20,2,0,0,0.05255115505567274
2024-12-10 18:36:05,29,26,0,3,0,0.050307927547881374
2024-12-10 18:41:05,17,16,0,1,0,0.054822586591402205
2024-12-10 18:46:05,20,19,1,0,0,0.042328202214822024
2024-12-10 18:51:46,20,19,1,0,0,0.0646768724956334
2024-12-10 18:56:46,18,14,2,2,0,0.038900405533630285
2024-12-10 19:01:26,27,24,2,1,0,0.0695299798744115
2024-12-10 19:06:26,18,17,1,0,0,0.04270694201856228
2024-12-10 19:11:46,25,25,0,0,0,0.07813422296895743
2024-12-10 19:16:26,22,20,2,0,0,0.05128902480544257
2024-12-10 19:21:07,13,10,3,0,0,0.021927624435163977
2024-12-10 19:26:07,12,11,1,0,0,0.10808287149237585
2024-12-10 19:31:07,13,13,0,0,0,0.011361186825495636
2024-12-10 19:36:07,11,11,0,0,0,0.053520164872689034
2024-12-10 19:41:07,12,11,0,1,0,0.05757550117550359
2024-12-10 19:46:28,8,8,0,0,0,0.011243334280182843
2024-12-10 19:51:08,15,14,1,0,0,0.039687096455760976
2024-12-10 19:56:08,17,13,3,1,0,0.07365884810720753
2024-12-10 20:01:08,11,10,1,0,0,0.04919890487788663
2024-12-10 20:06:28,11,11,0,0,0,0.04832659458522955
2024-12-10 20:11:09,8,8,0,0,0,0.019932189458543102
2024-12-10 20:16:09,9,8,1,0,0,0.03466980134291464
2024-12-10 20:21:09,10,7,2,1,0,0.04670788483892478
2024-12-10 20:26:09,16,16,0,0,0,0.046412749832286763
2024-12-10 20:31:29,9,8,1,0,0,0.05433505982275783
2024-12-10 20:36:10,5,4,1,0,0,0.015552506834440342
2024-12-10 20:41:30,19,19,0,0,0,0.10059570936152125
2024-12-10 20:46:30,13,11,2,0,0,0.04209451169762059
2024-12-10 20:51:30,14,14,0,0,0,0.03929828378489997
2024-12-10 20:56:10,13,10,1,2,0,0.02852736697268037
2024-12-10 21:01:11,9,7,1,1,0,0.05769133914739224
2024-12-10 21:06:31,9,6,3,0,0,0.04658701043347576
2024-12-10 21:10:51,6,5,0,1,0,0.007884033095412211
2024-12-10 21:16:11,11,10,1,0,0,0.0572672714416086
2024-12-10 21:21:31,7,6,0,1,0,0.019117294508474304
2024-12-10 21:26:11,8,8,0,0,0,0.023006428503796465
2024-12-10 21:31:32,14,14,0,0,0,0.029583003446935128
2024-12-10 21:36:32,5,5,0,0,0,0.03825674932461426
2024-12-10 21:41:32,9,9,0,0,0,0.0496219652969582
2024-12-10 21:46:12,10,9,0,1,0,0.036648112445430245
2024-12-10 21:51:12,6,6,0,0,0,0.031245026521859127
2024-12-10 21:56:13,12,12,0,0,0,0.02859787704252563
2024-12-10 22:01:13,6,5,1,0,0,0.08316763466919697
2024-12-10 22:06:13,13,11,1,0,1,0.028499162944742265
2024-12-10 22:11:13,11,11,0,0,0,0.03244067584909233
2024-12-10 22:16:13,6,6,0,0,0,0.01517275974398801
2024-12-10 22:21:34,14,14,0,0,0,0.04207335867666701
2024-12-10 22:26:34,10,10,0,0,0,0.024691619173098193
2024-12-10 22:31:14,2,2,0,0,0,0.001979318389227673
2024-12-10 22:36:34,12,7,3,2,0,0.12849855857271503
2024-12-10 22:41:34,6,4,0,1,1,0.00425477907180544
2024-12-10 22:46:15,11,11,0,0,0,0.04853208107449288
2024-12-10 22:51:35,5,5,0,0,0,0.03739048275222963
2024-12-10 23:01:35,2,2,0,0,0,0.0026411057590610475
2024-12-10 23:06:15,6,6,0,0,0,0.007336069124043329
2024-12-10 23:10:56,14,14,0,0,0,0.050998926232364926
2024-12-10 23:16:16,6,6,0,0,0,0.02679886297475941
2024-12-10 23:21:36,5,5,0,0,0,0.02676360793983678
2024-12-10 23:25:56,8,8,0,0,0,0.02142196650570225
2024-12-10 23:31:16,6,4,1,1,0,0.05651885741453676
2024-12-10 23:36:17,3,3,0,0,0,0.003136690821402022
2024-12-10 23:41:37,6,5,0,1,0,0.05489914038151991
2024-12-10 23:46:17,0,0,0,0,0,0.0
2024-12-10 23:51:17,6,6,0,0,0,0.02258135351130075
2024-12-10 23:55:57,4,4,0,0,0,0.021909493274346624
2024-12-11 00:00:57,3,2,0,1,0,0.002252293088200039
2024-12-11 00:05:58,0,0,0,0,0,0.0
2024-12-11 00:10:58,3,3,0,0,0,0.011228224979501716
2024-12-11 00:15:58,2,2,0,0,0,0.005330561280301702
2024-12-11 00:21:18,3,3,0,0,0,0.005135147658159123
2024-12-11 00:25:58,2,2,0,0,0,0.01823088220184817
2024-12-11 00:31:19,3,2,0,1,0,0.008392712885010164
2024-12-11 00:36:39,4,4,0,0,0,0.008993055765406955
2024-12-11 00:40:59,4,3,0,1,0,0.03509789819554658
2024-12-11 00:46:39,0,0,0,0,0,0.0
2024-12-11 00:51:39,5,5,0,0,0,0.01633617589643481
2024-12-11 00:56:39,2,2,0,0,0,0.003545649226504534
2024-12-11 01:01:00,1,1,0,0,0,0.008899378101183965
2024-12-11 01:06:40,3,2,0,0,1,0.08974823875918393
2024-12-11 01:11:00,1,0,1,0,0,0.005016287826134255
2024-12-11 01:16:00,3,3,0,0,0,0.011346077524814507
2024-12-11 01:21:21,1,1,0,0,0,0.0009055507541555613
2024-12-11 01:26:41,0,0,0,0,0,0.0
2024-12-11 01:31:41,1,1,0,0,0,0.0018191598020077238
2024-12-11 01:36:01,1,1,0,0,0,0.0009972138449544001
2024-12-11 01:41:01,1,1,0,0,0,0.0010929060826015396
2024-12-11 01:46:01,1,1,0,0,0,0.005466544986431848
2024-12-11 01:51:02,0,0,0,0,0,0.0
2024-12-11 01:56:02,1,1,0,0,0,0.0011986711873694304
2024-12-11 02:01:22,1,1,0,0,0,0.0006295541950469697
2024-12-11 02:06:02,0,0,0,0,0,0.0
2024-12-11 02:11:02,0,0,0,0,0,0.0
2024-12-11 02:16:03,1,1,0,0,0,0.0019037718858220367
2024-12-11 02:21:23,3,2,1,0,0,0.0030843119123741144
2024-12-11 02:26:03,1,1,0,0,0,0.0034167165273589145
2024-12-11 02:31:23,1,1,0,0,0,0.00109693522944984
2024-12-11 02:36:03,2,0,0,2,0,0.005632747293924248
2024-12-11 02:41:04,0,0,0,0,0,0.0
2024-12-11 02:46:24,0,0,0,0,0,0.0
2024-12-11 02:51:04,1,1,0,0,0,0.0008159022367808729
2024-12-11 02:56:04,0,0,0,0,0,0.0
2024-12-11 03:01:04,0,0,0,0,0,0.0
2024-12-11 03:06:25,1,0,1,0,0,0.036921087144402606
2024-12-11 03:11:05,1,1,0,0,0,0.0007887054955548437
2024-12-11 03:16:05,2,1,0,1,0,0.0012389626558524365
2024-12-11 03:21:25,0,0,0,0,0,0.0
2024-12-11 03:26:05,0,0,0,0,0,0.0
2024-12-11 03:31:06,0,0,0,0,0,0.0
2024-12-11 03:36:26,2,1,0,1,0,0.004603300274183443
2024-12-11 03:41:26,2,0,1,1,0,0.08227114949545009
2024-12-11 03:46:06,1,1,0,0,0,0.0009065580408676364
2024-12-11 03:51:26,0,0,0,0,0,0.0
2024-12-11 03:56:27,0,0,0,0,0,0.0
2024-12-11 04:01:27,2,2,0,0,0,0.0020316972982555807
2024-12-11 04:06:07,1,1,0,0,0,0.00418426900196018
2024-12-11 04:11:07,0,0,0,0,0,0.0
2024-12-11 04:16:27,0,0,0,0,0,0.0
2024-12-11 04:21:28,1,0,1,0,0,0.04166137841142827
2024-12-11 04:26:28,0,0,0,0,0,0.0
2024-12-11 04:31:08,0,0,0,0,0,0.0
2024-12-11 04:36:48,1,1,0,0,0,0.001732533144769261
2024-12-11 04:41:08,0,0,0,0,0,0.0
2024-12-11 04:46:09,2,1,1,0,0,0.007347149277876156
2024-12-11 04:51:09,0,0,0,0,0,0.0
2024-12-11 05:01:09,0,0,0,0,0,0.0
2024-12-11 05:06:09,1,1,0,0,0,0.006206900719807084
2024-12-11 05:11:10,3,2,1,0,0,0.00969009817016296
2024-12-11 05:16:10,0,0,0,0,0,0.0
2024-12-11 05:21:10,2,2,0,0,0,0.011640205244740453
2024-12-11 05:26:30,6,5,1,0,0,0.09128132913496231
2024-12-11 05:31:10,4,4,0,0,0,0.005549142496822011
2024-12-11 05:36:11,1,1,0,0,0,0.0006527217894246982
2024-12-11 05:41:31,2,1,0,1,0,0.0025413843745656075
2024-12-11 05:46:31,1,0,0,1,0,0.0007645306144650401
2024-12-11 05:51:11,6,4,1,0,1,0.01841320109673377
2024-12-11 05:56:31,7,4,2,1,0,0.08645844035754649
2024-12-11 06:01:32,1,0,0,1,0,0.0005439348245205818
2024-12-11 06:06:12,2,2,0,0,0,0.007555657627275713
2024-12-11 06:11:32,5,5,0,0,0,0.012996013159193607
2024-12-11 06:16:32,3,1,0,1,1,0.009389926729964564
2024-12-11 06:21:32,4,2,0,2,0,0.0029926488215752754
2024-12-11 06:26:13,5,3,2,0,0,0.05070278393901483
2024-12-11 06:31:33,4,2,1,1,0,0.08253707318743793
2024-12-11 06:36:13,6,4,1,1,0,0.006394256048253063
2024-12-11 06:41:13,1,1,0,0,0,0.0007856836354186182
2024-12-11 06:46:33,2,1,1,0,0,0.0031387053948261725
2024-12-11 06:51:14,8,8,0,0,0,0.015639133491678805
2024-12-11 06:56:14,4,3,0,1,0,0.004747342274010189
2024-12-11 07:01:14,8,3,3,2,0,0.06336739976993572
2024-12-11 07:06:14,4,4,0,0,0,0.004178225281687729
2024-12-11 07:11:34,5,3,2,0,0,0.003173960429748803
2024-12-11 07:16:34,6,5,0,1,0,0.014153385591367956
2024-12-11 07:21:35,6,6,0,0,0,0.00793641200444012
2024-12-11 07:26:35,11,10,1,0,0,0.02084882036653149
2024-12-11 07:31:35,10,9,1,0,0,0.028680474552915794
2024-12-11 07:36:35,13,12,1,0,0,0.044187653485312756
2024-12-11 07:41:15,9,9,0,0,0,0.034330345720945316
2024-12-11 07:46:36,16,14,2,0,0,0.02005306386399212
2024-12-11 07:51:16,9,8,0,1,0,0.005920831293577742
2024-12-11 07:56:16,9,7,1,0,1,0.006848542355398956
2024-12-11 08:02:56,8,7,0,1,0,0.02691470094664805
2024-12-11 08:05:16,8,7,0,1,0,0.02691470094664805
2024-12-11 08:06:36,13,12,0,1,0,0.029082381951033777
2024-12-11 08:11:36,15,15,0,0,0,0.051863178231325406
2024-12-11 08:16:37,15,13,1,1,0,0.019661229332994884
2024-12-11 08:21:37,9,5,3,1,0,0.015237226093560818
2024-12-11 08:26:37,14,13,1,0,0,0.020471087849503307
2024-12-11 08:31:17,17,14,2,1,0,0.048925930178914265
2024-12-11 08:36:37,21,18,2,1,0,0.07018169437712411
2024-12-11 08:41:38,15,13,2,0,0,0.17049536345926433
2024-12-11 08:46:38,14,14,0,0,0,0.04472050815600051
2024-12-11 08:51:18,8,7,1,0,0,0.018120080663519902
2024-12-11 08:56:18,13,11,1,1,0,0.05002588726850033
2024-12-11 09:01:38,4,4,0,0,0,0.0016328117602738207
2024-12-11 09:06:18,9,8,1,0,0,0.016497341770366835
2024-12-11 09:11:39,5,3,1,1,0,0.011009643762981407
2024-12-11 09:16:39,12,10,2,0,0,0.04147603765640644
2024-12-11 09:21:39,16,14,1,1,0,0.057064806812481494
2024-12-11 09:26:39,12,12,0,0,0,0.027219908820406823
2024-12-11 09:31:39,9,8,1,0,0,0.013901563913349168
2024-12-11 09:36:39,7,5,2,0,0,0.04822989506087034
2024-12-11 09:41:40,6,3,3,0,0,0.029235489531269202
2024-12-11 09:46:40,20,13,6,1,0,0.058893032194897894
2024-12-11 09:51:20,10,9,0,1,0,0.024595926935451054
2024-12-11 09:56:40,18,14,3,1,0,0.12472626983599358
2024-12-11 10:01:40,16,12,4,0,0,0.08778000052378909
2024-12-11 10:06:20,9,9,0,0,0,0.008585104647016518
2024-12-11 10:11:21,17,13,3,1,0,0.04812110809596622
2024-12-11 10:16:41,14,12,2,0,0,0.015989669267480956
2024-12-11 10:26:21,12,10,2,0,0,0.03659774810982649
2024-12-11 10:31:01,12,10,1,1,0,0.023509064573121963
2024-12-11 10:36:41,9,8,1,0,0,0.027509000106772392
2024-12-11 10:41:22,12,10,2,0,0,0.03301684384839932
2024-12-11 10:46:22,13,11,2,0,0,0.0546160928154268
2024-12-11 10:51:22,14,12,1,1,0,0.03564183302006717
2024-12-11 10:56:02,13,7,6,0,0,0.051160092106296955
2024-12-11 11:01:02,7,6,0,1,0,0.022823102322198786
2024-12-11 11:06:22,11,9,1,1,0,0.06651214888503434
2024-12-11 11:11:43,12,11,1,0,0,0.10211469772333058
2024-12-11 11:16:43,13,11,2,0,0,0.06825173303678812
2024-12-11 11:21:23,11,9,2,0,0,0.022565236923907547
2024-12-11 11:26:43,9,8,1,0,0,0.01823491134869647
2024-12-11 11:31:23,11,10,1,0,0,0.014477731912656154
2024-12-11 11:36:43,5,5,0,0,0,0.011914187230424894
2024-12-11 11:41:24,9,8,1,0,0,0.01960985771067905
2024-12-11 11:46:24,4,3,1,0,0,0.013941855381832175
2024-12-11 11:51:44,5,5,0,0,0,0.02708090325414045
2024-12-11 11:56:44,5,4,1,0,0,0.08091937072784523
2024-12-11 12:01:24,6,4,1,1,0,0.04531077816927655
2024-12-11 12:06:24,5,5,0,0,0,0.003086326485798265
2024-12-11 12:11:04,8,7,1,0,0,0.00577578200703892
2024-12-11 12:16:05,7,7,0,0,0,0.015462858317065653
2024-12-11 12:21:45,11,9,1,1,0,0.04330527032553492
2024-12-11 12:26:45,8,7,1,0,0,0.01308062524300792
2024-12-11 12:31:05,7,7,0,0,0,0.016810607937822207
2024-12-11 12:36:45,10,9,1,0,0,0.042304027333732216
2024-12-11 12:41:25,14,11,3,0,0,0.05876812864260057
2024-12-11 12:46:26,4,4,0,0,0,0.02373268222320265
2024-12-11 12:51:06,21,20,1,0,0,0.07564723207684389
2024-12-11 12:56:26,12,11,1,0,0,0.041849741026586326
2024-12-11 13:01:26,9,8,1,0,0,0.020658443177949286
2024-12-11 13:06:46,14,13,1,0,0,0.02302758152475004
2024-12-11 13:11:06,5,3,1,1,0,0.04310179840969574
2024-12-11 13:16:06,8,7,0,1,0,0.0554350169123439
2024-12-11 13:21:47,14,12,2,0,0,0.027483817938970513
2024-12-11 13:26:07,14,12,2,0,0,0.052490717852948225
2024-12-11 13:31:47,10,10,0,0,0,0.015161679590155182
2024-12-11 13:36:47,6,5,0,1,0,0.02310917174842813
2024-12-11 13:41:47,16,13,2,1,0,0.0317003201157171
2024-12-11 13:46:07,9,8,1,0,0,0.08838336526432211
2024-12-11 13:51:47,12,9,2,0,1,0.031693269108732575
2024-12-11 13:56:08,12,12,0,0,0,0.022968151608737608
2024-12-11 14:01:48,4,4,0,0,0,0.0018947063054133603
2024-12-11 14:06:08,6,4,2,0,0,0.09232487816867217
2024-12-11 14:11:08,7,6,1,0,0,0.013285104445559175
2024-12-11 14:16:28,8,7,1,0,0,0.02144714867350413
2024-12-11 14:21:48,3,3,0,0,0,0.002741834430268563
2024-12-11 14:26:08,13,12,1,0,0,0.03407449489607823
2024-12-11 14:31:09,10,8,2,0,0,0.05807209352455664
2024-12-11 14:36:49,14,11,3,0,0,0.06765944845008794
2024-12-11 14:41:29,4,4,0,0,0,0.0041057006384183185
2024-12-11 14:46:09,19,17,2,0,0,0.09276304788842486
2024-12-11 14:51:29,7,5,2,0,0,0.07937922934508232
2024-12-11 14:56:29,13,12,1,0,0,0.030879381445375848
2024-12-11 15:01:09,6,5,1,0,0,0.0242453911596489
2024-12-11 15:06:10,6,6,0,0,0,0.024875952641407944
2024-12-11 15:11:10,6,5,1,0,0,0.013933797088135573
2024-12-11 15:16:30,0,0,0,0,0,0.0
2024-12-11 15:21:10,7,4,2,1,0,0.06535578373957207
2024-12-11 15:26:30,9,9,0,0,0,0.018358807614281714
2024-12-11 15:31:30,15,13,2,0,0,0.031595562297661285
2024-12-11 15:36:31,15,14,1,0,0,0.04383107398923815
2024-12-11 15:41:11,9,6,3,0,0,0.09959345908300647
2024-12-11 15:46:11,19,15,3,1,0,0.06210526951970555
2024-12-11 15:51:31,6,4,1,1,0,0.008087505011251392
2024-12-11 15:56:11,9,9,0,0,0,0.020039969136735142
2024-12-11 16:01:31,8,7,0,1,0,0.010762858518522996
2024-12-11 16:06:32,4,4,0,0,0,0.00623913389459349
2024-12-11 16:11:12,9,8,1,0,0,0.05693184496648757
2024-12-11 16:16:32,9,9,0,0,0,0.00627438892951612
2024-12-11 16:21:32,14,14,0,0,0,0.022852313636848965
2024-12-11 16:26:12,14,14,0,0,0,0.06135282634578541
2024-12-11 16:30:52,11,11,0,0,0,0.015987654694056806
2024-12-11 16:36:53,11,11,0,0,0,0.019418473235384773
2024-12-11 16:40:53,12,12,0,0,0,0.04462481591835337
2024-12-11 16:46:13,13,12,1,0,0,0.08806405537659429
2024-12-11 16:51:33,6,6,0,0,0,0.022919801846558
2024-12-11 16:56:33,10,9,0,0,1,0.016312001015345006
2024-12-11 17:01:14,14,14,0,0,0,0.04962297258367027
2024-12-11 17:06:34,12,10,1,1,0,0.010550321022275138
2024-12-11 17:11:14,23,22,1,0,0,0.09975462495693849
2024-12-11 17:16:14,9,9,0,0,0,0.022474581119820782
2024-12-11 17:21:14,14,13,1,0,0,0.019889883416635945
2024-12-11 17:26:34,21,19,1,1,0,0.062043825030268965
2024-12-11 17:30:55,25,22,1,2,0,0.05197095790951745
2024-12-11 17:36:35,21,19,1,1,0,0.07988186541440782
2024-12-11 17:41:35,18,18,0,0,0,0.06781255603032336
2024-12-11 17:46:15,16,13,3,0,0,0.12634497958229834
2024-12-11 17:51:35,16,12,2,2,0,0.050401605212104364
2024-12-11 17:56:36,18,17,1,0,0,0.08543402977136606
2024-12-11 18:01:16,16,15,1,0,0,0.043891511191962655
2024-12-11 18:06:36,16,16,0,0,0,0.03618677513129982
2024-12-11 18:11:16,21,17,4,0,0,0.08580672585483387
2024-12-11 18:16:16,20,15,3,2,0,0.08494650300272169
2024-12-11 18:21:16,17,15,1,1,0,0.08224898918778444
2024-12-11 18:26:17,20,18,1,1,0,0.053235102733171766
2024-12-11 18:31:37,19,17,1,1,0,0.038191275688329376
2024-12-11 18:36:17,23,23,0,0,0,0.06246084172906808
2024-12-11 18:41:37,28,28,0,0,0,0.07797305709502542
2024-12-11 18:46:37,38,36,2,0,0,0.1910409905254612
2024-12-11 18:51:37,40,38,2,0,0,0.15396780308753524
2024-12-11 18:56:18,41,36,4,1,0,0.17053364035432317
2024-12-11 19:01:38,28,24,4,0,0,0.12874635110388552
2024-12-11 19:06:18,35,31,3,1,0,0.21227056526915708
2024-12-11 19:10:58,37,34,3,0,0,0.16835689376952878
2024-12-11 19:16:18,34,31,3,0,0,0.19527965300987343
2024-12-11 19:21:38,28,23,5,0,0,0.14382140403680221
2024-12-11 19:26:19,19,16,3,0,0,0.24430832643341935
2024-12-11 19:31:19,26,22,2,2,0,0.11418602168083919
2024-12-11 19:36:19,19,19,0,0,0,0.07510128267889915
2024-12-11 19:41:19,24,24,0,0,0,0.09937387057977408
2024-12-11 19:45:59,26,21,4,1,0,0.1950489843528082
2024-12-11 19:51:20,11,11,0,0,0,0.05736397096596781
2024-12-11 19:56:20,9,9,0,0,0,0.013373745676221788
2024-12-11 20:01:20,6,6,0,0,0,0.019778074591595602
2024-12-11 20:06:20,9,9,0,0,0,0.021321237834494734
2024-12-11 20:11:00,5,5,0,0,0,0.02534837010937119
2024-12-11 20:16:01,14,13,0,1,0,0.08735190367115715
2024-12-11 20:21:21,11,11,0,0,0,0.04263139551515664
2024-12-11 20:26:01,13,10,1,0,2,0.12261499688748406
2024-12-11 20:31:21,10,10,0,0,0,0.06156334926860912
2024-12-11 20:36:41,10,8,2,0,0,0.03334119016968752
2024-12-11 20:41:02,14,12,1,1,0,0.0713662635505245
2024-12-11 20:46:22,8,8,0,0,0,0.015059943632235593
2024-12-11 20:51:42,8,6,1,1,0,0.039267057896825636
2024-12-11 20:56:22,10,9,1,0,0,0.03067389495611252
2024-12-11 21:01:22,8,7,1,0,0,0.05466142071747018
2024-12-11 21:06:42,13,11,2,0,0,0.09627847851356715
2024-12-11 21:11:23,8,6,2,0,0,0.02552061613713604
2024-12-11 21:16:03,9,8,0,1,0,0.025913457954845353
2024-12-11 21:21:23,15,14,1,0,0,0.05467653001815131
2024-12-11 21:26:03,5,4,0,1,0,0.008216437710397012
2024-12-11 21:31:03,12,11,1,0,0,0.0891378230116664
2024-12-11 21:36:24,8,8,0,0,0,0.04381395011513287
2024-12-11 21:41:04,10,8,0,2,0,0.03146360773837944
2024-12-11 21:46:24,11,11,0,0,0,0.022299313231919707
2024-12-11 21:51:44,9,8,1,0,0,0.02404393381723387
2024-12-11 21:56:44,8,8,0,0,0,0.05927277928535022
2024-12-11 22:01:25,15,13,0,2,0,0.021448155960216205
2024-12-11 22:06:45,10,8,0,2,0,0.016183068316199388
2024-12-11 22:11:05,15,11,2,1,1,0.03667933833350457
2024-12-11 22:16:05,8,8,0,0,0,0.036849569787845274
2024-12-11 22:21:45,8,8,0,0,0,0.03155929997602658
2024-12-11 22:26:05,9,6,0,3,0,0.01086560176315466
2024-12-11 22:31:26,9,9,0,0,0,0.021337354421887937
2024-12-11 22:36:06,7,5,1,1,0,0.019075995753279222
2024-12-11 22:41:06,6,6,0,0,0,0.004104693351706243
2024-12-11 22:46:06,6,5,0,1,0,0.01733741888823751
2024-12-11 22:51:26,5,5,0,0,0,0.011569695174895192
2024-12-11 22:56:27,7,7,0,0,0,0.03074641959938193
2024-12-11 23:01:27,4,3,1,0,0,0.04140653487327326
2024-12-11 23:06:07,6,5,1,0,0,0.06340970581184287
2024-12-11 23:11:07,5,2,1,2,0,0.016098456232385074
2024-12-11 23:16:27,9,9,0,0,0,0.016796505923853153
2024-12-11 23:21:27,2,2,0,0,0,0.003268645380683867
2024-12-11 23:26:28,2,2,0,0,0,0.004039219715421358
2024-12-11 23:31:28,7,7,0,0,0,0.018059643460795395
2024-12-11 23:36:28,3,3,0,0,0,0.006240141181305565
2024-12-11 23:41:08,9,9,0,0,0,0.07260119705952862
2024-12-11 23:46:28,8,7,0,1,0,0.029606171041312856
2024-12-11 23:51:09,3,2,1,0,0,0.00710741504040227
2024-12-11 23:56:29,5,5,0,0,0,0.02338919745438502
2024-12-12 00:01:29,2,0,0,2,0,0.0009528932296230934
2024-12-12 00:06:09,5,4,1,0,0,0.049563542667657834
2024-12-12 00:11:09,1,1,0,0,0,0.004315216274529949
2024-12-12 00:56:11,1,1,0,0,0,0.004315216274529949
2024-12-12 01:06:32,1,1,0,0,0,0.004315216274529949
2024-12-12 02:30:55,1,1,0,0,0,0.004315216274529949
2024-12-12 03:06:16,1,1,0,0,0,0.004315216274529949
2024-12-12 03:16:37,0,0,0,0,0,0.0
2024-12-12 03:21:37,0,0,0,0,0,0.0
2024-12-12 03:25:57,0,0,0,0,0,0.0
2024-12-12 03:31:37,3,3,0,0,0,0.0017506643055866136
2024-12-12 03:36:37,0,0,0,0,0,0.0
2024-12-12 03:41:18,1,1,0,0,0,0.0007010715516043056
2024-12-12 03:45:58,1,1,0,0,0,0.0021304113960389456
2024-12-12 03:50:58,3,2,0,1,0,0.003726960834678061
2024-12-12 03:56:18,0,0,0,0,0,0.0
2024-12-12 04:00:58,1,0,0,1,0,0.0005076725028858764
2024-12-12 04:06:38,2,2,0,0,0,0.001321560166242599
2024-12-12 04:11:39,3,3,0,0,0,0.0031910843038540806
2024-12-12 04:15:59,1,1,0,0,0,0.0008179168102050231
2024-12-12 04:26:39,1,1,0,0,0,0.0020357264451038816
2024-12-12 04:31:00,4,4,0,0,0,0.015130453702080852
2024-12-12 04:36:00,1,1,0,0,0,0.0009367766422298911
2024-12-12 04:41:20,1,1,0,0,0,0.0013789755088308825
2024-12-12 04:46:20,4,3,1,0,0,0.0350525702935032
2024-12-12 04:51:00,1,1,0,0,0,0.0008461208381431274
2024-12-12 04:56:40,1,0,1,0,0,0.004076489323768139
2024-12-12 05:01:41,2,1,1,0,0,0.07133403037573809
2024-12-12 05:06:01,1,1,0,0,0,0.0007554650340563637
2024-12-12 05:11:21,0,0,0,0,0,0.0
2024-12-12 05:16:21,2,2,0,0,0,0.002961422933500946
2024-12-12 05:21:21,4,3,0,1,0,0.032808335498999766
2024-12-12 05:26:02,1,1,0,0,0,0.0009055507541555613
2024-12-12 05:31:02,2,1,0,1,0,0.0013527860543169287
2024-12-12 05:36:22,6,5,1,0,0,0.04522818065888638
2024-12-12 05:41:02,3,2,0,1,0,0.006836454914854054
2024-12-12 05:46:22,1,1,0,0,0,0.002171710151234027
2024-12-12 05:51:22,4,3,0,1,0,0.02599706275194759
2024-12-12 05:56:43,2,1,1,0,0,0.0066873764814669315
2024-12-12 06:01:23,1,0,0,1,0,0.0004190312722232631
2024-12-12 06:06:43,0,0,0,0,0,0.0
2024-12-12 06:11:23,1,1,0,0,0,0.004632511588833622
2024-12-12 06:16:23,2,1,0,1,0,0.0011362194112207711
2024-12-12 06:21:24,3,2,1,0,0,0.007423703067993868
2024-12-12 06:26:04,3,3,0,0,0,0.027789025812729285
2024-12-12 06:31:24,5,4,1,0,0,0.01669779182606979
2024-12-12 06:36:04,4,1,1,2,0,0.020471087849503307
2024-12-12 06:41:04,5,4,0,1,0,0.0059349333075467935
2024-12-12 06:46:25,2,1,1,0,0,0.0035275180656871813
2024-12-12 06:51:05,6,4,0,2,0,0.008087505011251392
2024-12-12 06:56:45,5,4,1,0,0,0.004810801336870924
2024-12-12 07:01:05,5,3,1,1,0,0.024322952236478686
2024-12-12 07:06:25,9,8,1,0,0,0.008551864185518038
2024-12-12 07:11:45,13,9,4,0,0,0.03533360328617217
2024-12-12 07:16:06,5,4,1,0,0,0.01779674162894378
2024-12-12 07:21:46,6,6,0,0,0,0.007465001823188949
2024-12-12 07:26:46,9,8,1,0,0,0.007287719361863722
2024-12-12 07:31:06,13,13,0,0,0,0.024013715215871614
2024-12-12 07:36:46,16,9,3,3,1,0.12555526680003143
2024-12-12 07:41:26,4,4,0,0,0,0.0038508571002633047
2024-12-12 07:46:27,10,9,1,0,0,0.010376060421086138
2024-12-12 07:51:27,12,8,2,1,1,0.015774109911096876
2024-12-12 07:56:07,7,6,1,0,0,0.04449588321920775
2024-12-12 08:02:47,12,8,3,1,0,0.009919759540516094
2024-12-12 08:05:07,12,8,3,1,0,0.009919759540516094
2024-12-12 08:06:27,11,9,2,0,0,0.05956187057171579
2024-12-12 08:11:47,5,4,1,0,0,0.03360509928825121
2024-12-12 08:16:48,18,17,1,0,0,0.03346710100869691
2024-12-12 08:21:28,5,4,1,0,0,0.0023600727663920804
2024-12-12 08:26:48,15,11,2,2,0,0.018699270522963114
2024-12-12 08:31:08,14,14,0,0,0,0.06768765247802604
2024-12-12 08:36:28,5,4,0,1,0,0.03285769254789145
2024-12-12 08:41:08,13,13,0,0,0,0.061280301702516
2024-12-12 08:46:29,16,14,2,0,0,0.043956984828247544
2024-12-12 08:51:49,19,16,2,1,0,0.048406170235483485
2024-12-12 08:56:29,14,13,1,0,0,0.04032370165779247
2024-12-12 09:06:29,13,12,0,1,0,0.02874997733604898
2024-12-12 09:11:30,14,13,0,1,0,0.03404629086814013
2024-12-12 09:16:30,11,9,1,1,0,0.03509185447527413
2024-12-12 09:21:10,15,15,0,0,0,0.020589947681528175
2024-12-12 09:26:50,10,10,0,0,0,0.019086068620399972
2024-12-12 09:31:10,13,11,1,1,0,0.013739390752705069
2024-12-12 09:41:11,10,8,1,0,1,0.082229850740255
2024-12-12 09:46:11,17,15,1,1,0,0.09072429958318476
2024-12-12 09:51:11,19,16,2,1,0,0.06775514068773507
2024-12-12 09:56:31,20,18,1,0,1,0.07328615202373974
2024-12-12 10:01:11,20,20,0,0,0,0.06816913552639796
2024-12-12 10:06:12,15,10,5,0,0,0.051303126819411626
2024-12-12 10:11:32,9,8,1,0,0,0.07295777655560323
2024-12-12 10:16:52,15,11,4,0,0,0.034399848504078505
2024-12-12 10:21:12,15,12,3,0,0,0.09405136759316898
2024-12-12 10:26:32,9,8,0,1,0,0.013735361605856767
2024-12-12 10:31:32,11,11,0,0,0,0.01700702884667686
2024-12-12 10:36:13,11,9,1,1,0,0.04790454145287006
2024-12-12 10:41:13,4,4,0,0,0,0.01450996508744256
2024-12-12 10:46:13,13,9,3,1,0,0.046655505929896875
2024-12-12 10:51:13,19,14,2,2,1,0.07412723642832249
2024-12-12 10:56:13,9,8,1,0,0,0.009258979457394794
2024-12-12 11:01:33,9,8,1,0,0,0.0721892167942899
2024-12-12 11:06:54,14,11,3,0,0,0.01712991782555003
2024-12-12 11:11:14,11,10,1,0,0,0.01998658294099516
2024-12-12 11:16:54,7,6,1,0,0,0.03748718227658884
2024-12-12 11:21:34,16,16,0,0,0,0.04378876794733099
2024-12-12 11:26:14,9,9,0,0,0,0.003662494485105251
2024-12-12 11:31:34,14,12,2,0,0,0.048506898906691
2024-12-12 11:36:35,14,14,0,0,0,0.04503578889688003
2024-12-12 11:41:15,13,7,4,2,0,0.012186154642685184
2024-12-12 11:46:55,13,12,1,0,0,0.011984697300270155
2024-12-12 11:51:35,15,12,3,0,0,0.0759756075449804
2024-12-12 11:56:15,8,6,2,0,0,0.006329789698680253
2024-12-12 12:01:15,11,8,2,1,0,0.03745897824865074
2024-12-12 12:06:16,17,15,2,0,0,0.09444723127101452
2024-12-12 12:11:16,14,13,1,0,0,0.017480453601352183
2024-12-12 12:16:36,10,7,1,2,0,0.03963169568659684
2024-12-12 12:21:16,9,5,4,0,0,0.006787097865962372
2024-12-12 12:26:36,9,9,0,0,0,0.013494620081670806
2024-12-12 12:31:36,10,8,2,0,0,0.03213043154177319
2024-12-12 12:36:37,13,13,0,0,0,0.025796612696244635
2024-12-12 12:41:37,13,11,2,0,0,0.019604821277118677
2024-12-12 12:46:37,10,9,1,0,0,0.07273818805237085
2024-12-12 12:51:17,13,10,2,1,0,0.06472119311096472
2024-12-12 12:56:37,15,14,0,1,0,0.032691490240399045
2024-12-12 13:01:37,18,17,1,0,0,0.040832381447390424
2024-12-12 13:06:38,18,14,2,2,0,0.06812280033764251
2024-12-12 13:11:38,14,14,0,0,0,0.020798456030927732
2024-12-12 13:16:38,11,10,0,1,0,0.020110479206580403
2024-12-12 13:21:38,15,14,1,0,0,0.04797102237586702
2024-12-12 13:26:18,5,5,0,0,0,0.005688148063088381
2024-12-12 13:30:59,10,7,3,0,0,0.09912003432833115
2024-12-12 13:36:39,11,10,1,0,0,0.043427152017696015
2024-12-12 13:41:19,15,12,3,0,0,0.040294490343142295
2024-12-12 13:46:39,10,8,2,0,0,0.009625631820590149
2024-12-12 13:51:39,12,10,2,0,0,0.05089416841430911
2024-12-12 13:56:19,5,5,0,0,0,0.027153427897409863
2024-12-12 14:01:39,4,4,0,0,0,0.006021559964785256
2024-12-12 14:06:20,23,19,4,0,0,0.0824857015651221
2024-12-12 14:11:40,17,16,1,0,0,0.06777931556882488
2024-12-12 14:16:20,9,8,1,0,0,0.03662595213776459
2024-12-12 14:21:40,13,11,2,0,0,0.027265236722450206
2024-12-12 14:26:40,14,13,1,0,0,0.045890975315431834
2024-12-12 14:31:21,6,5,0,1,0,0.0030067508355443276
2024-12-12 14:36:41,13,10,2,1,0,0.06983216588803404
2024-12-12 14:41:01,11,11,0,0,0,0.05186620009146163
2024-12-12 14:46:21,10,10,0,0,0,0.030661807515567616
2024-12-12 14:51:21,13,12,1,0,0,0.07027537204134711
2024-12-12 14:56:41,9,9,0,0,0,0.007646313431362476
2024-12-12 15:01:41,14,12,2,0,0,0.019328824718010083
2024-12-12 15:06:42,12,9,3,0,0,0.02460297794243558
2024-12-12 15:11:02,12,12,0,0,0,0.009019245219920908
2024-12-12 15:16:22,11,10,1,0,0,0.040455656217074316
2024-12-12 15:21:42,18,16,2,0,0,0.08252498574689303
2024-12-12 15:26:42,6,5,0,1,0,0.006124303209416922
2024-12-12 15:31:03,8,7,1,0,0,0.010018473638299458
2024-12-12 15:36:43,8,7,1,0,0,0.03574759812483506
2024-12-12 15:41:43,13,8,3,1,1,0.011245348853606993
2024-12-12 15:46:43,14,11,3,0,0,0.040537246440752406
2024-12-12 15:51:23,10,5,5,0,0,0.10912037680581325
2024-12-12 15:56:43,19,17,1,1,0,0.015821452386564405
2024-12-12 16:01:04,11,8,2,1,0,0.05894238924378958
2024-12-12 16:06:44,12,11,1,0,0,0.08047717186124424
2024-12-12 16:11:04,14,14,0,0,0,0.032029702870565675
2024-12-12 16:16:04,15,12,3,0,0,0.03150289192015037
2024-12-12 16:21:44,13,11,2,0,0,0.03565392046061207
2024-12-12 16:26:04,14,12,1,1,0,0.049439646402072594
2024-12-12 16:31:05,13,10,1,2,0,0.028919201503677605
2024-12-12 16:36:45,21,20,1,0,0,0.03748416041645262
2024-12-12 16:41:25,20,20,0,0,0,0.05726827872832067
2024-12-12 16:46:45,13,11,2,0,0,0.020973723918828808
2024-12-12 16:51:25,12,12,0,0,0,0.030279038564979058
2024-12-12 16:56:46,14,12,1,0,1,0.04270895659198643
2024-12-12 17:01:06,16,15,0,1,0,0.0895427522699206
2024-12-12 17:06:06,20,19,1,0,0,0.0523174645384713
2024-12-12 17:11:06,13,10,2,1,0,0.04951418561876615
2024-12-12 17:16:46,13,12,1,0,0,0.02819697693111972
2024-12-12 17:21:07,13,13,0,0,0,0.031220851640769324
2024-12-12 17:26:07,12,9,3,0,0,0.09621501945070642
2024-12-12 17:31:07,19,19,0,0,0,0.04328814645142964
2024-12-12 17:36:47,22,22,0,0,0,0.04690934218133981
2024-12-12 17:41:07,18,18,0,0,0,0.031267186829524785
2024-12-12 17:46:47,16,13,2,1,0,0.042819758130314696
2024-12-12 17:51:47,21,21,0,0,0,0.03889033266650953
2024-12-12 17:56:08,23,23,0,0,0,0.0734251575900061
2024-12-12 18:01:28,9,8,1,0,0,0.04821982219374958
2024-12-12 18:06:28,17,14,2,1,0,0.050974751351275126
2024-12-12 18:11:08,22,22,0,0,0,0.05444888322122232
2024-12-12 18:16:08,24,22,2,0,0,0.08400267535350728
2024-12-12 18:21:08,14,13,1,0,0,0.054308870368243875
2024-12-12 18:26:09,22,20,2,0,0,0.048595540137353614
2024-12-12 18:31:29,24,22,1,1,0,0.07166844956414704
2024-12-12 18:36:29,24,22,2,0,0,0.07818156544442496
2024-12-12 18:41:09,19,17,2,0,0,0.071078179550871
2024-12-12 18:46:49,22,20,1,1,0,0.08168893777587065
2024-12-12 18:51:10,18,18,0,0,0,0.03736227872429153
2024-12-12 18:56:10,18,16,0,1,1,0.062461849015780155
2024-12-12 19:01:10,16,15,1,0,0,0.042293954466611466
2024-12-12 19:06:50,26,25,1,0,0,0.10502676360793983
2024-12-12 19:11:10,17,16,0,1,0,0.06141930726878237
2024-12-12 19:16:30,16,15,1,0,0,0.024544555313135222
2024-12-12 19:21:31,18,14,3,1,0,0.05642920889716207
2024-12-12 19:26:31,23,21,1,1,0,0.0784474891364128
2024-12-12 19:31:11,10,8,0,2,0,0.029508464230241567
2024-12-12 19:36:11,13,11,1,0,1,0.0361837532711636
2024-12-12 19:41:31,16,14,1,1,0,0.07809393150047443
2024-12-12 19:46:12,10,10,0,0,0,0.04522112965190186
2024-12-12 19:51:32,16,15,0,1,0,0.0863365586653854
2024-12-12 19:56:32,12,12,0,0,0,0.011977646293285628
2024-12-12 20:01:12,13,12,0,1,0,0.0383322958280199
2024-12-12 20:06:52,13,13,0,0,0,0.037508335297542425
2024-12-12 20:11:12,12,7,3,1,1,0.07022903685259164
2024-12-12 20:16:33,10,10,0,0,0,0.04131789364261065
2024-12-12 20:21:33,10,8,0,2,0,0.022251970756452175
2024-12-12 20:26:33,8,7,0,1,0,0.01729410555961828
2024-12-12 20:31:33,10,9,1,0,0,0.013357629088828586
2024-12-12 20:36:13,8,7,1,0,0,0.012287890600604775
2024-12-12 20:41:14,7,7,0,0,0,0.009121988464552573
2024-12-12 20:46:14,7,7,0,0,0,0.02466039328502386
2024-12-12 20:51:14,14,13,0,1,0,0.04326900800390021
2024-12-12 20:56:34,17,14,1,2,0,0.11264185115122799
2024-12-12 21:01:34,14,12,1,0,1,0.04799721183038098
2024-12-12 21:06:35,14,12,1,1,0,0.048483731312313275
2024-12-12 21:11:35,4,3,1,0,0,0.024663415145160086
2024-12-12 21:16:15,8,8,0,0,0,0.04294869082946032
2024-12-12 21:21:35,10,8,2,0,0,0.014014380025101586
2024-12-12 21:26:15,6,5,0,1,0,0.025208357256392745
2024-12-12 21:31:36,11,10,1,0,0,0.04844041798369404
2024-12-12 21:41:36,10,10,0,0,0,0.0651029547748412
2024-12-12 21:46:36,13,11,2,0,0,0.029999012859022168
2024-12-12 21:51:36,10,9,1,0,0,0.025153963773940687
2024-12-12 21:56:17,13,10,1,1,1,0.047411978250665315
2024-12-12 22:01:17,8,8,0,0,0,0.012987954865497005
2024-12-12 22:06:37,6,5,1,0,0,0.010471752658733277
2024-12-12 22:10:57,6,6,0,0,0,0.013311293900073129
2024-12-12 22:16:37,7,7,0,0,0,0.03271667240820093
2024-12-12 22:21:38,9,8,0,1,0,0.052126080063177024
2024-12-12 22:26:38,12,12,0,0,0,0.03125711396240403
2024-12-12 22:30:58,3,3,0,0,0,0.008223488717381539
2024-12-12 22:36:38,7,5,0,1,1,0.09317301358023945
2024-12-12 22:41:18,12,11,1,0,0,0.022684096755932415
2024-12-12 22:46:19,8,7,1,0,0,0.012446034614400574
2024-12-12 22:51:39,8,8,0,0,0,0.012946656110301925
2024-12-12 22:56:39,3,3,0,0,0,0.021182232268228365
2024-12-12 23:01:19,5,5,0,0,0,0.011108357860764773
2024-12-12 23:06:00,6,5,0,1,0,0.012833839998549507
2024-12-12 23:11:20,7,7,0,0,0,0.007517380732216856
2024-12-12 23:16:20,6,5,0,1,0,0.026558121450573447
2024-12-12 23:21:40,6,5,0,0,1,0.019853621095001238
2024-12-12 23:26:40,5,4,1,0,0,0.02178962615560968
2024-12-12 23:31:20,2,2,0,0,0,0.0010777967819204123
2024-12-12 23:36:41,2,2,0,0,0,0.005650878454741601
2024-12-12 23:41:21,5,5,0,0,0,0.004315216274529949
2024-12-12 23:46:01,2,1,1,0,0,0.012915430222227594
2024-12-12 23:51:21,2,2,0,0,0,0.0044864550155827255
2024-12-12 23:56:02,4,4,0,0,0,0.010472759945445352
2024-12-13 00:01:42,2,1,0,1,0,0.013081632529719995
2024-12-13 00:06:02,4,4,0,0,0,0.009161272646323505
2024-12-13 00:11:02,8,8,0,0,0,0.010256193302349195
2024-12-13 00:16:02,3,3,0,0,0,0.010272309889742396
2024-12-13 00:21:23,2,2,0,0,0,0.0042346333375639375
2024-12-13 00:26:03,6,6,0,0,0,0.007421688494569718
2024-12-13 00:31:03,3,3,0,0,0,0.006027603685057707
2024-12-13 00:36:43,4,3,1,0,0,0.06713666664652093
2024-12-13 00:41:03,3,3,0,0,0,0.001767788179691891
2024-12-13 00:46:04,1,1,0,0,0,0.013175310193942984
2024-12-13 00:51:04,3,3,0,0,0,0.0025877195633210648
2024-12-13 00:56:04,0,0,0,0,0,0.0
2024-12-13 01:01:04,1,0,1,0,0,0.003535576359383782
2024-12-13 01:06:44,1,1,0,0,0,0.0015310758023542306
2024-12-13 01:11:05,3,3,0,0,0,0.036558463928055555
2024-12-13 01:16:25,1,1,0,0,0,0.0006527217894246982
2024-12-13 01:21:25,1,1,0,0,0,0.0005096870763100268
2024-12-13 01:26:25,1,0,1,0,0,0.003374410485451758
2024-12-13 01:31:25,3,1,2,0,0,0.014847406135987735
2024-12-13 01:36:45,1,1,0,0,0,0.006607800831212995
2024-12-13 01:41:06,0,0,0,0,0,0.0
2024-12-13 01:46:26,5,4,0,0,1,0.005567273657639363
2024-12-13 01:51:06,5,3,2,0,0,0.009941919848181748
2024-12-13 01:56:06,1,1,0,0,0,0.0008471281248552025
2024-12-13 02:01:27,0,0,0,0,0,0.0
2024-12-13 02:06:07,1,1,0,0,0,0.0009367766422298911
2024-12-13 02:11:07,0,0,0,0,0,0.0
2024-12-13 02:16:27,0,0,0,0,0,0.0
2024-12-13 02:21:27,0,0,0,0,0,0.0
2024-12-13 02:26:27,1,0,0,1,0,0.0007846763487065431
2024-12-13 02:31:08,0,0,0,0,0,0.0
2024-12-13 02:36:28,4,1,2,1,0,0.039472544386088965
2024-12-13 02:41:28,1,1,0,0,0,0.0006799185306507274
2024-12-13 02:46:28,4,4,0,0,0,0.03931943680585354
2024-12-13 02:56:09,0,0,0,0,0,0.0
2024-12-13 03:01:29,2,2,0,0,0,0.0010435490337098571
2024-12-13 03:06:09,1,1,0,0,0,0.0006547363628488486
2024-12-13 03:11:09,1,1,0,0,0,0.00106369476795136
2024-12-13 03:16:29,0,0,0,0,0,0.0
2024-12-13 03:21:30,0,0,0,0,0,0.0
2024-12-13 03:26:30,0,0,0,0,0,0.0
2024-12-13 03:31:10,0,0,0,0,0,0.0
2024-12-13 03:36:30,0,0,0,0,0,0.0
2024-12-13 03:41:30,0,0,0,0,0,0.0
2024-12-13 03:46:11,1,0,1,0,0,0.009389926729964564
2024-12-13 03:51:31,0,0,0,0,0,0.0
2024-12-13 03:56:11,0,0,0,0,0,0.0
2024-12-13 04:01:11,1,1,0,0,0,0.0011281611175241698
2024-12-13 04:06:31,1,1,0,0,0,0.0013044362921373215
2024-12-13 04:11:32,0,0,0,0,0,0.0
2024-12-13 04:16:12,0,0,0,0,0,0.0
2024-12-13 04:21:32,1,1,0,0,0,0.003268645380683867
2024-12-13 04:26:52,0,0,0,0,0,0.0
2024-12-13 04:31:32,1,0,0,1,0,0.0005439348245205818
2024-12-13 04:36:32,2,2,0,0,0,0.03672567352226003
2024-12-13 04:41:13,0,0,0,0,0,0.0
2024-12-13 04:46:33,3,2,1,0,0,0.00501326596599803
2024-12-13 04:51:33,1,1,0,0,0,0.0008461208381431274
2024-12-13 04:56:13,0,0,0,0,0,0.0
2024-12-13 05:01:33,2,0,1,1,0,0.0053184738397568
2024-12-13 05:06:13,2,2,0,0,0,0.00870094261890516
2024-12-13 05:11:14,2,1,0,1,0,0.0036806256459226043
2024-12-13 05:16:34,1,1,0,0,0,0.0007594941809046644
2024-12-13 05:21:34,2,2,0,0,0,0.005493741727657877
2024-12-13 05:26:14,3,2,0,1,0,0.03267436636629377
2024-12-13 05:30:54,2,2,0,0,0,0.007332039977195029
2024-12-13 05:36:15,3,3,0,0,0,0.006719609656253337
2024-12-13 05:41:15,2,1,0,1,0,0.01912837466230713
2024-12-13 05:46:35,2,1,0,1,0,0.0030661807515567617
2024-12-13 05:51:35,3,3,0,0,0,0.030925716634131305
2024-12-13 05:56:15,4,3,1,0,0,0.013747449046401669
2024-12-13 06:00:55,1,1,0,0,0,0.0017285039979209602
2024-12-13 06:11:36,1,1,0,0,0,0.0028526359685968295
2024-12-13 06:16:36,2,2,0,0,0,0.006351950006345906
2024-12-13 06:21:16,1,1,0,0,0,0.0027196741226029096
2024-12-13 06:26:16,5,2,1,1,1,0.023963350880267856
2024-12-13 06:31:17,5,4,1,0,0,0.03651817245957255
2024-12-13 06:36:17,2,2,0,0,0,0.00703891954398116
2024-12-13 06:40:57,0,0,0,0,0,0.0
2024-12-13 06:46:17,3,2,0,0,1,0.006079982594085615
2024-12-13 06:51:17,5,4,0,1,0,0.05328143792192722
2024-12-13 06:56:18,9,6,2,1,0,0.006353964579770057
2024-12-13 07:01:18,7,3,3,1,0,0.007536519179746285
2024-12-13 07:06:38,6,6,0,0,0,0.02787464518325567
2024-12-13 07:10:58,6,6,0,0,0,0.048308463424412196
2024-12-13 07:15:58,4,4,0,0,0,0.005030389840103307
2024-12-13 07:21:19,9,5,2,2,0,0.03767755946517105
2024-12-13 07:26:39,13,13,0,0,0,0.023890826236998446
2024-12-13 07:31:39,15,12,3,0,0,0.03119969861981575
2024-12-13 07:36:39,12,10,2,0,0,0.032338939891172744
2024-12-13 07:41:19,14,12,1,1,0,0.0456532556513821
2024-12-13 07:46:20,13,10,1,2,0,0.05458385964064039
2024-12-13 07:51:40,4,4,0,0,0,0.0101222241696432
2024-12-13 07:56:20,12,11,1,0,0,0.023131332056093783
2024-12-13 08:03:00,11,9,2,0,0,0.06682843691262594
2024-12-13 08:05:20,11,9,2,0,0,0.06682843691262594
2024-12-13 08:06:20,13,9,2,2,0,0.03473728955262368
2024-12-13 08:11:40,10,10,0,0,0,0.0061786966918689805
2024-12-13 08:16:41,16,12,3,1,0,0.062447747001811105
2024-12-13 08:21:21,15,12,2,1,0,0.043204541654327404
2024-12-13 08:26:41,17,15,2,0,0,0.048282273969898246
2024-12-13 08:31:01,8,8,0,0,0,0.024854799620454365
2024-12-13 08:36:21,14,11,3,0,0,0.026815986848864687
2024-12-13 08:41:21,10,10,0,0,0,0.027632896372357635
2024-12-13 08:46:02,9,8,1,0,0,0.04971262110104496
2024-12-13 08:51:42,17,14,1,1,1,0.10815237427550903
2024-12-13 08:56:02,11,10,1,0,0,0.02411444388707913
2024-12-13 09:01:42,9,7,1,1,0,0.012871109606896287
2024-12-13 09:11:03,5,5,0,0,0,0.004533797491050258
2024-12-13 09:16:43,12,12,0,0,0,0.03718701083639045
2024-12-13 09:21:23,9,6,2,1,0,0.04939230392660506
2024-12-13 09:26:43,12,12,0,0,0,0.033254563512449056
2024-12-13 09:31:03,13,11,2,0,0,0.050297854680760624
2024-12-13 09:36:43,14,10,2,1,1,0.07663739491481376
2024-12-13 09:41:04,8,7,0,1,0,0.014830282261882457
2024-12-13 09:46:44,15,9,3,3,0,0.037721880080502354
2024-12-13 09:51:24,6,6,0,0,0,0.0033713886253155328
2024-12-13 09:56:44,10,7,2,1,0,0.05668908886887746
2024-12-13 10:01:24,9,8,1,0,0,0.04712590882443597
2024-12-13 10:06:44,8,6,2,0,0,0.06933154439213268
2024-12-13 10:11:04,10,9,1,0,0,0.033872030266951125
2024-12-13 10:16:45,15,11,2,2,0,0.02284526262986444
2024-12-13 10:21:25,16,15,1,0,0,0.04938726749304469
2024-12-13 10:26:45,12,10,1,1,0,0.010796098980021476
2024-12-13 10:31:25,17,16,1,0,0,0.05380220515207008
2024-12-13 10:36:45,12,10,1,1,0,0.050093375478209363
2024-12-13 10:41:05,13,10,3,0,0,0.0511500192391762
2024-12-13 10:46:26,9,7,2,0,0,0.021375631316946794
2024-12-13 10:51:26,11,10,1,0,0,0.05481150643756938
2024-12-13 10:56:26,12,11,1,0,0,0.0345338176367845
2024-12-13 11:01:06,5,5,0,0,0,0.002735790709996112
2024-12-13 11:06:26,11,9,2,0,0,0.09771184750485008
2024-12-13 11:11:26,7,7,0,0,0,0.008494448842929754
2024-12-13 11:16:47,15,15,0,0,0,0.04845653457108724
2024-12-13 11:21:27,8,8,0,0,0,0.008951757010211872
2024-12-13 11:26:47,18,14,4,0,0,0.06904346039247919
2024-12-13 11:31:07,9,9,0,0,0,0.005666995042134803
2024-12-13 11:36:47,12,11,1,0,0,0.02486084334072682
2024-12-13 11:41:07,8,8,0,0,0,0.022324495399721585
2024-12-13 11:51:48,10,8,2,0,0,0.014903814191863944
2024-12-13 11:56:28,9,7,0,2,0,0.027965300987342435
2024-12-13 12:01:28,9,9,0,0,0,0.031974302101401536
2024-12-13 12:06:28,8,8,0,0,0,0.03208308906630566
2024-12-13 12:11:29,11,10,0,1,0,0.02934729835630954
2024-12-13 12:16:29,16,15,1,0,0,0.013954950109089152
2024-12-13 12:21:49,15,12,3,0,0,0.07491392735045317
2024-12-13 12:26:29,16,13,1,2,0,0.047947854781489295
2024-12-13 12:31:09,5,2,2,1,0,0.014772866919294175
2024-12-13 12:36:29,13,12,0,0,1,0.08354133803937686
2024-12-13 12:41:49,14,12,1,1,0,0.02771750845617195
2024-12-13 12:46:10,12,11,1,0,0,0.02370951462882492
2024-12-13 12:51:50,12,11,1,0,0,0.016563822693363792
2024-12-13 12:56:10,11,10,1,0,0,0.0330782883378359
2024-12-13 13:01:50,18,18,0,0,0,0.018248006075953446
2024-12-13 13:06:10,13,11,2,0,0,0.026248884429966375
2024-12-13 13:11:30,11,10,1,0,0,0.03498810394393039
2024-12-13 13:16:11,16,16,0,0,0,0.05262871613250252
2024-12-13 13:21:31,12,12,0,0,0,0.024144662488441385
2024-12-13 13:26:11,12,12,0,0,0,0.010750771077978094
2024-12-13 13:31:31,21,14,5,1,1,0.06800696236575386
2024-12-13 13:36:31,10,10,0,0,0,0.01860962200558843
2024-12-13 13:41:31,16,14,2,0,0,0.05157509423167191
2024-12-13 13:46:32,16,13,3,0,0,0.05141594293116404
2024-12-13 13:51:12,7,5,2,0,0,0.03811170003807544
2024-12-13 13:56:12,8,8,0,0,0,0.005253000203471916
2024-12-13 14:01:32,11,8,3,0,0,0.07246622064011056
2024-12-13 14:06:52,13,11,1,1,0,0.009065580408676365
2024-12-13 14:11:12,16,14,2,0,0,0.05190548427323256
2024-12-13 14:16:33,8,7,1,0,0,0.0915412091066777
2024-12-13 14:21:33,11,9,2,0,0,0.02495653557837396
2024-12-13 14:26:13,5,3,1,1,0,0.034055356448548804
2024-12-13 14:31:33,19,15,4,0,0,0.04303632477341086
2024-12-13 14:36:53,16,12,4,0,0,0.08185614737007513
2024-12-13 14:41:14,22,21,1,0,0,0.10333049278480529
2024-12-13 14:46:14,15,13,2,0,0,0.04785518440397838
2024-12-13 14:51:14,16,13,2,1,0,0.0747265720220072
2024-12-13 14:56:34,15,15,0,0,0,0.0528039840204036
2024-12-13 15:00:54,16,14,2,0,0,0.08779208796433399
2024-12-13 15:06:34,10,7,3,0,0,0.009187462100837459
2024-12-13 15:11:34,8,8,0,0,0,0.032031717443989825
2024-12-13 15:16:15,14,10,4,0,0,0.032842583247210316
2024-12-13 15:21:15,14,9,5,0,0,0.030304220732780936
2024-12-13 15:26:15,11,9,2,0,0,0.06409969720961435
2024-12-13 15:31:35,14,9,3,2,0,0.0486650429204868
2024-12-13 15:36:35,15,12,2,1,0,0.041786281963725594
2024-12-13 15:41:16,7,7,0,0,0,0.016900256455196893
2024-12-13 15:46:56,20,19,1,0,0,0.08885679001899743
2024-12-13 15:51:16,18,16,2,0,0,0.03270760682779225
2024-12-13 15:56:36,16,15,1,0,0,0.02510762858518523
2024-12-13 16:00:56,16,14,1,1,0,0.08243533722951833
2024-12-13 16:06:56,13,12,1,0,0,0.01693047505655915
2024-12-13 16:11:37,14,12,1,1,0,0.01852400263506204
2024-12-13 16:16:37,19,17,2,0,0,0.06922880114750102
2024-12-13 16:21:57,9,7,1,1,0,0.02165062058934331
2024-12-13 16:26:17,7,6,1,0,0,0.03133266046580967
2024-12-13 16:31:17,15,14,1,0,0,0.023774988265109806
2024-12-13 16:36:17,16,15,1,0,0,0.04212372301227077
2024-12-13 16:41:18,17,16,1,0,0,0.057099054560692045
2024-12-13 16:46:38,15,14,1,0,0,0.05128499565859427
2024-12-13 16:51:18,18,16,1,1,0,0.05262670155907837
2024-12-13 16:56:38,12,11,0,1,0,0.021115751345231405
2024-12-13 17:01:58,13,9,4,0,0,0.04578823207080017
2024-12-13 17:06:18,14,13,1,0,0,0.02224894889631595
2024-12-13 17:11:39,17,15,1,1,0,0.1003257565226851
2024-12-13 17:15:59,14,13,1,0,0,0.05802575833580119
2024-12-13 17:21:39,26,26,0,0,0,0.051259813490792394
2024-12-13 17:26:39,10,9,1,0,0,0.017856171544956213
2024-12-13 17:31:39,23,19,3,1,0,0.0853191990861895
2024-12-13 17:36:39,18,18,0,0,0,0.04220430594923678
2024-12-13 17:41:40,14,14,0,0,0,0.03382670236490774
2024-12-13 17:46:40,23,21,2,0,0,0.08285638307516575
2024-12-13 17:51:40,23,20,2,1,0,0.04853409564791703
2024-12-13 17:56:40,25,24,0,1,0,0.06359403928015263
2024-12-13 18:01:00,18,16,2,0,0,0.05520837740212699
2024-12-13 18:06:21,15,13,2,0,0,0.0634006402314342
2024-12-13 18:11:41,20,19,1,0,0,0.06235306205087604
2024-12-13 18:16:21,20,19,0,1,0,0.030510714508756344
2024-12-13 18:21:41,15,13,2,0,0,0.05682607986171968
2024-12-13 18:26:41,14,12,2,0,0,0.014880646597486216
2024-12-13 18:31:21,17,15,2,0,0,0.07351279153395664
2024-12-13 18:36:42,21,20,1,0,0,0.08872584274642766
2024-12-13 18:41:22,19,19,0,0,0,0.028763072063305955
2024-12-13 18:46:42,21,19,2,0,0,0.034915579300660984
2024-12-13 18:51:22,16,16,0,0,0,0.029495369502984592
2024-12-13 18:56:42,18,14,2,2,0,0.07565226851040427
2024-12-13 19:01:23,16,15,0,0,1,0.04502773060318343
2024-12-13 19:06:43,17,17,0,0,0,0.0679001899742739
2024-12-13 19:11:23,15,15,0,0,0,0.05739821871417836
2024-12-13 19:16:03,9,9,0,0,0,0.027005356750734816
2024-12-13 19:21:43,11,8,1,1,1,0.09258979457394793
2024-12-13 19:26:43,14,14,0,0,0,0.05071990781312011
2024-12-13 19:31:44,11,11,0,0,0,0.060725286724162594
2024-12-13 19:36:24,11,10,1,0,0,0.010018473638299458
2024-12-13 19:41:44,16,15,1,0,0,0.08067057090996267
2024-12-13 19:46:04,16,13,2,0,1,0.029065258076928502
2024-12-13 19:51:04,9,9,0,0,0,0.04513450299466339
2024-12-13 19:56:05,13,13,0,0,0,0.01621127234413749
2024-12-13 20:01:05,18,17,1,0,0,0.0795021183239555
2024-12-13 20:06:45,13,13,0,0,0,0.06936881400047946
2024-12-13 20:11:05,14,14,0,0,0,0.030933774927827905
2024-12-13 20:16:25,9,6,0,3,0,0.061002290569983256
2024-12-13 20:21:05,16,15,1,0,0,0.05689054621129249
2024-12-13 20:26:06,22,20,1,1,0,0.06616664954279255
2024-12-13 20:31:26,9,7,1,1,0,0.022262043623572928
2024-12-13 20:36:26,7,7,0,0,0,0.007295777655560324
2024-12-13 20:41:06,12,8,3,1,0,0.08559116649844979
2024-12-13 20:46:06,8,7,0,0,1,0.024338061537159814
2024-12-13 20:51:47,20,19,1,0,0,0.07548002248263941
2024-12-13 20:56:07,7,6,1,0,0,0.02728034602313133
2024-12-13 21:01:27,8,7,0,1,0,0.0705916600689387
2024-12-13 21:06:07,14,12,0,1,1,0.03481887977630177
2024-12-13 21:11:07,6,6,0,0,0,0.010754800224826394
2024-12-13 21:16:08,9,7,1,0,1,0.01514959214961028
2024-12-13 21:21:08,7,6,1,0,0,0.03780649216431667
2024-12-13 21:26:08,9,9,0,0,0,0.01885640725004684
2024-12-13 21:31:08,15,15,0,0,0,0.09435456089350361
2024-12-13 21:36:48,11,9,1,1,0,0.02244637709188268
2024-12-13 21:41:08,14,11,0,3,0,0.03921367170108565
2024-12-13 21:46:29,10,9,0,1,0,0.021643569582358784
2024-12-13 21:51:29,7,6,0,1,0,0.03332708815571847
2024-12-13 21:56:09,10,10,0,0,0,0.06336337062308742
2024-12-13 22:01:29,9,8,1,0,0,0.08994566695475066
2024-12-13 22:06:10,16,16,0,0,0,0.052590439237443665
2024-12-13 22:11:10,9,9,0,0,0,0.014317573325436206
2024-12-13 22:16:10,12,11,0,1,0,0.04478698907899747
2024-12-13 22:21:30,12,12,0,0,0,0.021821859330396084
2024-12-13 22:26:10,11,10,0,1,0,0.023689368894583417
2024-12-13 22:31:10,11,10,0,1,0,0.06710745533187075
2024-12-13 22:36:51,10,9,0,1,0,0.029087418384594155
2024-12-13 22:41:11,16,15,1,0,0,0.07386534188318294
2024-12-13 22:46:11,5,5,0,0,0,0.010283390043575223
2024-12-13 22:51:11,9,9,0,0,0,0.030090675949821004
2024-12-13 22:56:31,9,8,1,0,0,0.060562106276806416
2024-12-13 23:01:12,5,5,0,0,0,0.005189541140611181
2024-12-13 23:06:32,3,2,0,1,0,0.0015633089771406353
2024-12-13 23:11:32,11,11,0,0,0,0.01632509574260198
2024-12-13 23:16:12,7,7,0,0,0,0.01790653588055997
2024-12-13 23:21:12,7,7,0,0,0,0.08032305699429675
2024-12-13 23:26:33,4,3,0,1,0,0.01335259265526821
2024-12-13 23:31:33,3,2,0,1,0,0.011537462000108786
2024-12-13 23:36:13,1,0,0,1,0,0.0005932918734122643
2024-12-13 23:40:53,8,6,1,1,0,0.03882586631693672
2024-12-13 23:46:33,9,9,0,0,0,0.028487075504197365
2024-12-13 23:51:34,4,4,0,0,0,0.008950749723499797
2024-12-13 23:56:34,6,5,0,1,0,0.007301821375832775
2024-12-14 00:01:34,7,6,0,1,0,0.009130046758249175
2024-12-14 00:06:34,10,9,0,1,0,0.012941619676741548
2024-12-14 00:11:34,8,8,0,0,0,0.05929091044616758
2024-12-14 00:16:15,4,3,0,0,1,0.021664722603312363
2024-12-14 00:21:35,6,3,1,2,0,0.018638833320238607
2024-12-14 00:26:35,2,2,0,0,0,0.007904178829653715
2024-12-14 00:31:35,4,4,0,0,0,0.0027206814093149847
2024-12-14 00:36:15,4,3,0,1,0,0.01719841332197114
2024-12-14 00:41:16,1,0,1,0,0,0.0027337761365719615
2024-12-14 00:46:36,2,2,0,0,0,0.0033582938980585555
2024-12-14 00:51:36,2,2,0,0,0,0.009837162030125931
2024-12-14 00:55:56,1,1,0,0,0,0.010056750533358314
2024-12-14 01:01:36,0,0,0,0,0,0.0
2024-12-14 01:06:17,3,2,0,1,0,0.0013507714808927785
2024-12-14 01:11:17,6,5,0,1,0,0.006288490943485172
2024-12-14 01:16:37,1,1,0,0,0,0.009274088758075921
2024-12-14 01:21:37,5,5,0,0,0,0.008326231962013203
2024-12-14 01:31:37,2,2,0,0,0,0.003069202611692987
2024-12-14 01:36:38,3,3,0,0,0,0.007170874103263005
2024-12-14 01:40:58,4,3,1,0,0,0.052703255349196086
2024-12-14 01:46:38,4,4,0,0,0,0.05120340543491619
2024-12-14 01:51:38,5,5,0,0,0,0.014147341871095506
2024-12-14 01:56:38,5,5,0,0,0,0.048278244823049946
2024-12-14 02:01:39,3,3,0,0,0,0.002883861856671159
2024-12-14 02:06:39,2,1,0,1,0,0.003893163142170461
2024-12-14 02:11:19,1,1,0,0,0,0.0019037718858220367
2024-12-14 02:15:59,0,0,0,0,0,0.0
2024-12-14 02:21:19,3,2,1,0,0,0.0024950491858101507
2024-12-14 02:26:40,1,1,0,0,0,0.0024144662488441385
2024-12-14 02:31:40,4,4,0,0,0,0.022842240769728215
2024-12-14 02:36:40,6,5,1,0,0,0.01360642890671115
2024-12-14 02:41:40,2,2,0,0,0,0.002862708835717581
2024-12-14 02:46:20,0,0,0,0,0,0.0
2024-12-14 02:51:41,1,0,0,1,0,0.0004351478596164655
2024-12-14 02:56:01,2,2,0,0,0,0.0763845659500829
2024-12-14 03:01:41,3,3,0,0,0,0.015391340960508317
2024-12-14 03:06:21,0,0,0,0,0,0.0
2024-12-14 03:11:21,1,0,0,1,0,0.0005167380832945528
2024-12-14 03:16:41,0,0,0,0,0,0.0
2024-12-14 03:21:22,1,1,0,0,0,0.0019037718858220367
2024-12-14 03:26:42,2,2,0,0,0,0.000996206558242325
2024-12-14 03:31:22,1,1,0,0,0,0.004061380023087011
2024-12-14 03:41:02,2,1,0,1,0,0.006927110718940818
2024-12-14 03:46:23,3,3,0,0,0,0.0023802185006335836
2024-12-14 03:51:43,0,0,0,0,0,0.0
2024-12-14 03:56:43,1,1,0,0,0,0.018491769460275635
2024-12-14 04:01:23,2,1,0,1,0,0.001148306851765673
2024-12-14 04:06:43,2,2,0,0,0,0.004442134400251419
2024-12-14 04:11:04,1,1,0,0,0,0.002610887157698793
2024-12-14 04:16:04,0,0,0,0,0,0.0
2024-12-14 04:21:04,2,2,0,0,0,0.001082833215480788
2024-12-14 04:26:04,3,3,0,0,0,0.006133368789825598
2024-12-14 04:31:04,0,0,0,0,0,0.0
2024-12-14 04:36:45,0,0,0,0,0,0.0
2024-12-14 04:41:05,2,2,0,0,0,0.0033381481638170524
2024-12-14 04:46:05,3,3,0,0,0,0.0023006428503796464
2024-12-14 04:51:05,1,1,0,0,0,0.0016499356343790985
2024-12-14 04:56:45,2,1,0,1,0,0.0016902271028621046
2024-12-14 05:01:26,3,2,0,1,0,0.009059536688403914
2024-12-14 05:06:26,3,2,1,0,0,0.012498413523428481
2024-12-14 05:11:26,3,2,0,1,0,0.011513287119018983
2024-12-14 05:16:26,6,4,1,1,0,0.03468893979044407
2024-12-14 05:21:26,1,1,0,0,0,0.0005439348245205818
2024-12-14 05:26:26,1,1,0,0,0,0.00103045430645288
2024-12-14 05:31:27,3,2,0,1,0,0.01491287977227262
2024-12-14 05:36:47,4,4,0,0,0,0.004470338428189523
2024-12-14 05:41:07,4,4,0,0,0,0.006268345209243669
2024-12-14 05:46:07,1,1,0,0,0,0.001095927942737765
2024-12-14 05:51:27,2,2,0,0,0,0.003533561785959632
2024-12-14 05:56:28,3,3,0,0,0,0.005405100496995264
2024-12-14 06:01:08,0,0,0,0,0,0.0
2024-12-14 06:06:28,1,1,0,0,0,0.0005540076916413334
2024-12-14 06:11:08,0,0,0,0,0,0.0
2024-12-14 06:16:28,2,2,0,0,0,0.003773296023433518
2024-12-14 06:21:09,8,6,0,2,0,0.014342755493238084
2024-12-14 06:26:09,3,0,2,1,0,0.012757286208431796
2024-12-14 06:31:09,5,4,1,0,0,0.0370308813960188
2024-12-14 06:36:29,7,6,1,0,0,0.0396901183158972
2024-12-14 06:41:09,8,7,1,0,0,0.03453583221020865
2024-12-14 06:46:09,3,3,0,0,0,0.004198371015929232
2024-12-14 06:51:30,4,4,0,0,0,0.004191320008944706
2024-12-14 06:56:10,7,7,0,0,0,0.010276339036590696
2024-12-14 07:01:30,8,4,2,2,0,0.023563458055574023
2024-12-14 07:06:10,3,2,1,0,0,0.002915087744745489
2024-12-14 07:11:30,9,7,1,1,0,0.027826295421076064
2024-12-14 07:16:11,6,5,0,0,1,0.016665558651283385
2024-12-14 07:21:51,6,3,2,1,0,0.08128098665748021
2024-12-14 07:26:11,9,8,0,0,1,0.015291619576012877
2024-12-14 07:31:31,4,4,0,0,0,0.013315323046921429
2024-12-14 07:36:11,5,3,2,0,0,0.009672974296057681
2024-12-14 07:41:11,8,7,1,0,0,0.005248971056623615
2024-12-14 07:46:12,3,3,0,0,0,0.0014565365856606693
2024-12-14 07:51:12,7,6,1,0,0,0.03993388170021939
2024-12-14 07:56:12,8,7,1,0,0,0.021450170533640355
2024-12-14 08:02:52,9,8,1,0,0,0.03373000284054853
2024-12-14 08:05:12,9,8,1,0,0,0.03373000284054853
2024-12-14 08:06:32,11,10,1,0,0,0.039444340358150864
2024-12-14 08:11:13,6,6,0,0,0,0.009657864995376554
2024-12-14 08:16:33,10,8,1,1,0,0.030119887264471186
2024-12-14 08:21:13,3,2,1,0,0,0.07771519169673417
2024-12-14 08:26:13,9,7,2,0,0,0.06757886551312192
2024-12-14 08:31:13,3,2,1,0,0,0.04088073120957003
2024-12-14 08:36:53,4,4,0,0,0,0.03963673212015722
2024-12-14 08:41:33,9,8,1,0,0,0.0282423048331631
2024-12-14 08:46:34,6,5,1,0,0,0.044594597316991114
2024-12-14 08:51:54,5,4,1,0,0,0.0031981353108386065
2024-12-14 08:56:14,6,5,0,1,0,0.01822886762842402
2024-12-14 09:01:14,10,8,2,0,0,0.06947155724511113
2024-12-14 09:06:54,5,5,0,0,0,0.006932147152501194
2024-12-14 09:11:34,4,4,0,0,0,0.005121045644190071
2024-12-14 09:16:15,3,3,0,0,0,0.009627646394014299
2024-12-14 09:21:35,0,0,0,0,0,0.0
2024-12-14 09:26:15,3,3,0,0,0,0.010582554197061543
2024-12-14 09:31:35,2,2,0,0,0,0.002330861451741901
2024-12-14 09:36:35,1,1,0,0,0,0.0009065580408676364
2024-12-14 09:41:35,5,5,0,0,0,0.022013243805690363
2024-12-14 09:46:16,5,4,1,0,0,0.02690261350610315
2024-12-14 09:51:16,2,2,0,0,0,0.014205764500395863
2024-12-14 09:56:36,1,1,0,0,0,0.0011865837468245286
2024-12-14 10:01:16,5,4,1,0,0,0.03427293037835703
2024-12-14 10:06:36,9,9,0,0,0,0.02996879425765991
2024-12-14 10:11:56,7,6,1,0,0,0.043640696800655944
2024-12-14 10:16:17,6,6,0,0,0,0.05239804747543731
2024-12-14 10:21:17,9,7,1,1,0,0.08420111083578607
2024-12-14 10:26:37,7,5,1,1,0,0.011905121650016217
2024-12-14 10:31:17,7,7,0,0,0,0.019773038158035227
2024-12-14 10:36:37,6,6,0,0,0,0.007645306144650401
2024-12-14 10:41:37,8,7,0,1,0,0.03205085589151925
2024-12-14 10:46:18,7,7,0,0,0,0.015281546708892126
2024-12-14 10:51:38,9,7,2,0,0,0.15028617015490056
2024-12-14 10:56:18,14,11,3,0,0,0.07197667929804204
2024-12-14 11:01:18,8,7,1,0,0,0.0338609501131183
2024-12-14 11:06:18,13,12,1,0,0,0.017845091391123388
2024-12-14 11:11:38,9,8,1,0,0,0.028553556427194322
2024-12-14 11:16:19,12,12,0,0,0,0.008250685458607568
2024-12-14 11:21:19,7,6,1,0,0,0.02188733296668097
2024-12-14 11:26:19,6,6,0,0,0,0.008338319402558105
2024-12-14 11:31:19,13,12,0,1,0,0.012744191481174819
2024-12-14 11:36:19,10,10,0,0,0,0.06550486217295919
2024-12-14 11:41:00,11,9,2,0,0,0.03983919674928432
2024-12-14 11:46:20,11,6,2,3,0,0.03339256179200335
2024-12-14 11:51:20,13,12,1,0,0,0.02938356067794425
2024-12-14 11:56:40,8,7,1,0,0,0.016816651658094657
2024-12-14 12:01:20,6,6,0,0,0,0.020349206157342214
2024-12-14 12:06:40,7,6,1,0,0,0.07116077706126116
2024-12-14 12:11:20,8,7,1,0,0,0.014552271129349715
2024-12-14 12:16:41,9,8,1,0,0,0.03680726374593812
2024-12-14 12:21:41,12,11,1,0,0,0.06061448518583432
2024-12-14 12:26:41,13,12,1,0,0,0.07659307429948245
2024-12-14 12:31:21,10,8,1,1,0,0.03349832689677124
2024-12-14 12:36:21,12,10,1,1,0,0.015107286107703125
2024-12-14 12:41:21,9,8,0,1,0,0.024076166992020274
2024-12-14 12:46:42,18,18,0,0,0,0.044164485890935024
2024-12-14 12:51:42,13,13,0,0,0,0.03697749520027882
2024-12-14 12:56:22,10,9,0,1,0,0.025875181059786496
2024-12-14 13:01:02,16,15,1,0,0,0.11798550715878667
2024-12-14 13:06:22,13,12,1,0,0,0.04713900355169295
2024-12-14 13:11:42,17,17,0,0,0,0.028101284693472582
2024-12-14 13:16:23,10,10,0,0,0,0.03998525332253522
2024-12-14 13:21:43,8,8,0,0,0,0.017845091391123388
2024-12-14 13:26:23,8,7,1,0,0,0.017750406440188323
2024-12-14 13:31:23,9,9,0,0,0,0.04649333276925278
2024-12-14 13:36:43,3,3,0,0,0,0.0031840332968695543
2024-12-14 13:41:23,10,9,1,0,0,0.053026594383772205
2024-12-14 13:46:24,7,7,0,0,0,0.025006899913977716
2024-12-14 13:51:44,10,9,1,0,0,0.015850663701214587
2024-12-14 13:56:24,18,14,4,0,0,0.08239303118761118
2024-12-14 14:01:44,14,13,0,1,0,0.03649903401204312
2024-12-14 14:06:24,13,11,2,0,0,0.031946098073463436
2024-12-14 14:11:44,12,11,1,0,0,0.020892133695150722
2024-12-14 14:16:24,13,12,1,0,0,0.04797505152271532
2024-12-14 14:21:25,17,16,1,0,0,0.06348726688867266
2024-12-14 14:26:45,15,14,1,0,0,0.0485028697598427
2024-12-14 14:31:25,9,9,0,0,0,0.046569886559370485
2024-12-14 14:36:25,12,12,0,0,0,0.022167358672637864
2024-12-14 14:41:05,8,8,0,0,0,0.037399548332638304
2024-12-14 14:46:45,12,11,0,1,0,0.05275865611836022
2024-12-14 14:51:25,12,11,1,0,0,0.01833261815976776
2024-12-14 14:56:26,7,7,0,0,0,0.021811786463275334
2024-12-14 15:01:26,10,9,1,0,0,0.014949142093907325
2024-12-14 15:06:26,19,17,2,0,0,0.06517850127824684
2024-12-14 15:11:06,9,7,2,0,0,0.03571939409689695
2024-12-14 15:16:26,11,11,0,0,0,0.05258943195073159
2024-12-14 15:21:26,16,11,5,0,0,0.04862172959186757
2024-12-14 15:26:47,17,15,2,0,0,0.06120878434595867
2024-12-14 15:36:27,20,17,3,0,0,0.04860460571776229
2024-12-14 15:41:27,5,5,0,0,0,0.01089884222465314
2024-12-14 15:46:27,8,8,0,0,0,0.02083371106585036
2024-12-14 15:51:27,8,5,3,0,0,0.01251553739753376
2024-12-14 15:56:28,20,18,2,0,0,0.04674011801371119
2024-12-14 16:01:08,11,10,1,0,0,0.03661789384406799
2024-12-14 16:06:28,8,6,2,0,0,0.017683925517191362
2024-12-14 16:11:08,8,8,0,0,0,0.00881073687052135
2024-12-14 16:16:28,11,9,2,0,0,0.0589574985444707
2024-12-14 16:21:28,13,12,1,0,0,0.023352935132750316
2024-12-14 16:26:09,12,11,1,0,0,0.027103063561806105
2024-12-14 16:31:09,12,9,1,1,1,0.04333649621360925
2024-12-14 16:36:49,10,10,0,0,0,0.04625662039191512
2024-12-14 16:41:09,19,17,2,0,0,0.045472951329920644
2024-12-14 16:46:09,16,12,3,0,1,0.11516711893840038
2024-12-14 16:51:29,10,9,0,1,0,0.011512279832306908
2024-12-14 16:56:49,7,5,2,0,0,0.09986039006170638
2024-12-14 17:01:50,10,9,1,0,0,0.036554434781207255
2024-12-14 17:06:50,18,18,0,0,0,0.026268022877495804
2024-12-14 17:11:30,17,14,2,1,0,0.060964013674924405
2024-12-14 17:16:10,9,9,0,0,0,0.013838104850488434
2024-12-14 17:21:30,9,8,1,0,0,0.053974451179834924
2024-12-14 17:26:50,12,9,2,1,0,0.05931709990068153
2024-12-14 17:31:31,13,13,0,0,0,0.025152956487228612
2024-12-14 17:36:51,14,14,0,0,0,0.0321828104508011
2024-12-14 17:41:11,6,5,0,1,0,0.045958463525140866
2024-12-14 17:46:11,10,8,2,0,0,0.05540076916413334
2024-12-14 17:51:31,11,9,1,1,0,0.03319412630972455
2024-12-14 17:56:31,9,5,2,2,0,0.04387640189128153
2024-12-14 18:01:32,9,9,0,0,0,0.008309108087907927
2024-12-14 18:06:32,16,13,3,0,0,0.10036000427089566
2024-12-14 18:11:32,13,12,0,0,1,0.05592455825441242
2024-12-14 18:16:32,10,8,2,0,0,0.05989628976012474
2024-12-14 18:21:52,16,16,0,0,0,0.0661525475288235
2024-12-14 18:26:52,17,17,0,0,0,0.06403120171319324
2024-12-14 18:31:13,14,12,2,0,0,0.028295691028903086
2024-12-14 18:36:33,17,17,0,0,0,0.044313564324322145
2024-12-14 18:41:33,7,5,1,1,0,0.004848070945217705
2024-12-14 18:46:33,13,13,0,0,0,0.03975659923889416
2024-12-14 18:51:13,12,12,0,0,0,0.01679549863714108
2024-12-14 18:56:14,14,14,0,0,0,0.015069009212644268
2024-12-14 19:01:14,14,14,0,0,0,0.03843403178593949
2024-12-14 19:06:34,14,12,2,0,0,0.08410038216457856
2024-12-14 19:11:34,17,17,0,0,0,0.04439414726128816
2024-12-14 19:16:34,17,15,2,0,0,0.05001581440137958
2024-12-14 19:21:35,19,18,0,1,0,0.0288950266225878
2024-12-14 19:26:15,10,9,1,0,0,0.010921002532318794
2024-12-14 19:31:15,23,21,0,2,0,0.09676399070878737
2024-12-14 19:36:35,13,12,1,0,0,0.04346039247919449
2024-12-14 19:41:35,12,11,0,1,0,0.044982402701140047
2024-12-14 19:46:36,13,12,1,0,0,0.029320101615083513
2024-12-14 19:51:36,16,15,0,1,0,0.04759228257212676
2024-12-14 19:56:16,7,6,1,0,0,0.01616795901551826
2024-12-14 20:01:36,16,16,0,0,0,0.030344512201263944
2024-12-14 20:06:36,12,12,0,0,0,0.04729009655850422
2024-12-14 20:11:17,10,10,0,0,0,0.017512686776138587
2024-12-14 20:16:37,8,6,1,1,0,0.05082668020460008
2024-12-14 20:21:17,11,10,0,1,0,0.028737889895504076
2024-12-14 20:26:37,8,7,1,0,0,0.021832939484228913
2024-12-14 20:31:17,4,4,0,0,0,0.00843904807376562
2024-12-14 20:36:37,7,5,1,1,0,0.006156536384203327
2024-12-14 20:41:38,10,9,1,0,0,0.057345839805150456
2024-12-14 20:46:38,12,9,1,2,0,0.07350976967382042
2024-12-14 20:51:18,9,8,0,1,0,0.023458700237518205
2024-12-14 20:56:38,11,11,0,0,0,0.05285031920915906
2024-12-14 21:01:38,13,10,1,1,1,0.02411444388707913
2024-12-14 21:06:19,6,6,0,0,0,0.028512257671999244
2024-12-14 21:11:19,8,8,0,0,0,0.02029581996160223
2024-12-14 21:21:19,9,7,0,2,0,0.019976510073874406
2024-12-14 21:26:19,6,6,0,0,0,0.011228224979501716
2024-12-14 21:31:20,12,11,0,1,0,0.026860307464195994
2024-12-14 21:36:40,12,10,2,0,0,0.05602025049205956
2024-12-14 21:41:20,7,7,0,0,0,0.026031310500158143
2024-12-14 21:46:40,11,10,1,0,0,0.0317204658499586
2024-12-14 21:51:40,16,16,0,0,0,0.08855762586551111
2024-12-14 21:56:41,9,8,1,0,0,0.042226466256902434
2024-12-14 21:57:01,9,8,1,0,0,0.042226466256902434
2024-12-14 22:01:21,13,13,0,0,0,0.043644725947504244
2024-12-14 22:06:21,8,6,0,2,0,0.0064415985237205944
2024-12-14 22:11:41,16,16,0,0,0,0.03721521486432855
2024-12-14 22:16:01,7,7,0,0,0,0.02300743579050854
2024-12-14 22:21:42,5,4,1,0,0,0.0075052932916719545
2024-12-14 22:26:22,3,2,0,1,0,0.0041057006384183185
2024-12-14 22:31:02,6,6,0,0,0,0.009132061331673325
2024-12-14 22:36:42,4,2,0,2,0,0.03905854954742608
2024-12-14 22:41:22,7,7,0,0,0,0.01238056097811569
2024-12-14 22:46:03,8,8,0,0,0,0.052036431545802335
2024-12-14 22:51:43,9,9,0,0,0,0.010266266169469946
2024-12-14 22:56:03,6,6,0,0,0,0.007542562900018736
2024-12-14 23:01:43,10,10,0,0,0,0.04147301579627022
2024-12-14 23:06:23,3,3,0,0,0,0.006454693250977572
2024-12-14 23:11:44,12,11,0,1,0,0.0850794648487156
2024-12-14 23:16:24,6,6,0,0,0,0.01152638184627596
2024-12-14 23:21:24,3,3,0,0,0,0.00169324896299833
2024-12-14 23:26:44,6,5,1,0,0,0.022088790309096
2024-12-14 23:31:04,3,1,1,0,1,0.03557031566350983
2024-12-14 23:36:44,3,2,0,1,0,0.004735254833465288
2024-12-14 23:41:45,4,4,0,0,0,0.0036695454920897775
2024-12-14 23:46:25,4,3,1,0,0,0.002828461087507026
2024-12-14 23:51:25,5,3,0,2,0,0.010744727357705642
2024-12-14 23:56:05,2,2,0,0,0,0.0067447918240552155
2024-12-15 00:01:06,1,1,0,0,0,0.001335662180211651
2024-12-15 00:06:06,5,4,1,0,0,0.016206235910577117
2024-12-15 00:11:06,1,1,0,0,0,0.0007333047263907104
2024-12-15 00:16:26,6,5,1,0,0,0.01033576895260313
2024-12-15 00:21:06,4,1,0,3,0,0.011208079245260212
2024-12-15 00:26:26,4,4,0,0,0,0.022916779986421776
2024-12-15 00:31:27,2,2,0,0,0,0.029423852146427256
2024-12-15 00:36:07,2,2,0,0,0,0.0164338827075061
2024-12-15 00:41:27,0,0,0,0,0,0.0
2024-12-15 00:46:27,6,6,0,0,0,0.011840655300443408
2024-12-15 00:51:27,2,2,0,0,0,0.004045263435693809
2024-12-15 00:56:08,3,3,0,0,0,0.009383883009692113
2024-12-15 01:01:28,5,4,0,1,0,0.017251799517711122
2024-12-15 01:06:08,5,4,0,1,0,0.02096062919157183
2024-12-15 01:11:08,3,3,0,0,0,0.004779575448796595
2024-12-15 01:16:48,2,1,1,0,0,0.009117959317704273
2024-12-15 01:21:29,3,1,2,0,0,0.007759129543114893
2024-12-15 01:26:09,2,1,0,1,0,0.003880068414913484
2024-12-15 01:31:09,2,1,1,0,0,0.08539776744973136
2024-12-15 01:36:29,1,1,0,0,0,0.0007071152718767565
2024-12-15 01:41:09,0,0,0,0,0,0.0
2024-12-15 01:46:30,0,0,0,0,0,0.0
2024-12-15 01:51:10,0,0,0,0,0,0.0
2024-12-15 01:56:10,1,1,0,0,0,0.0011603942923105748
2024-12-15 02:01:10,0,0,0,0,0,0.0
2024-12-15 02:06:30,2,2,0,0,0,0.011407522014251093
2024-12-15 02:11:30,2,1,1,0,0,0.05445593422820685
2024-12-15 02:16:11,2,2,0,0,0,0.012242562698561393
2024-12-15 02:21:51,0,0,0,0,0,0.0
2024-12-15 02:26:11,1,1,0,0,0,0.0007856836354186182
2024-12-15 02:31:31,1,1,0,0,0,0.0023167594377728486
2024-12-15 02:36:11,1,1,0,0,0,0.0038075437716440733
2024-12-15 02:41:32,1,1,0,0,0,0.000604372027245091
2024-12-15 02:46:12,0,0,0,0,0,0.0
2024-12-15 02:51:32,1,1,0,0,0,0.009015216073072607
2024-12-15 02:56:12,0,0,0,0,0,0.0
2024-12-15 03:01:32,3,3,0,0,0,0.003509386904869828
2024-12-15 03:06:13,0,0,0,0,0,0.0
2024-12-15 03:11:33,1,1,0,0,0,0.005888598118791336
2024-12-15 03:16:13,0,0,0,0,0,0.0
2024-12-15 03:21:33,2,2,0,0,0,0.008667702157406679
2024-12-15 03:26:14,1,0,0,1,0,0.0005620659853379347
2024-12-15 03:31:34,1,1,0,0,0,0.0012631375369422401
2024-12-15 03:36:14,0,0,0,0,0,0.0
2024-12-15 03:41:34,0,0,0,0,0,0.0
2024-12-15 03:46:14,2,2,0,0,0,0.004808786763446774
2024-12-15 03:51:15,0,0,0,0,0,0.0
2024-12-15 03:56:35,4,4,0,0,0,0.009027303513617508
2024-12-15 04:01:35,2,2,0,0,0,0.0012591083900939395
2024-12-15 04:06:15,2,1,0,1,0,0.009402014170509466
2024-12-15 04:11:35,1,1,0,0,0,0.0008974924604589601
2024-12-15 04:16:16,0,0,0,0,0,0.0
2024-12-15 04:21:36,3,3,0,0,0,0.0383443832685648
2024-12-15 04:26:16,1,1,0,0,0,0.0007594941809046644
2024-12-15 04:31:16,0,0,0,0,0,0.0
2024-12-15 04:36:36,1,1,0,0,0,0.0010616801945272098
2024-12-15 04:41:17,4,3,0,1,0,0.002230132780534386
2024-12-15 04:46:37,2,2,0,0,0,0.007075181865615865
2024-12-15 04:51:17,0,0,0,0,0,0.0
2024-12-15 04:56:37,1,1,0,0,0,0.0007071152718767565
2024-12-15 05:06:38,0,0,0,0,0,0.0
2024-12-15 05:11:18,1,1,0,0,0,0.0007333047263907104
2024-12-15 05:16:38,5,3,1,1,0,0.04274320434019698
2024-12-15 05:21:38,2,2,0,0,0,0.0031225888074329702
2024-12-15 05:30:59,4,4,0,0,0,0.013801842528853728
2024-12-15 05:36:19,1,1,0,0,0,0.010885747497396164
2024-12-15 05:41:39,0,0,0,0,0,0.0
2024-12-15 05:46:39,0,0,0,0,0,0.0
2024-12-15 05:51:20,1,0,1,0,0,0.006865666229504234
2024-12-15 05:56:20,4,4,0,0,0,0.006271367069379894
2024-12-15 06:01:00,4,4,0,0,0,0.0028264465140828755
2024-12-15 06:06:40,2,2,0,0,0,0.006345906286073455
2024-12-15 06:11:40,2,2,0,0,0,0.0022130089064291082
2024-12-15 06:16:01,5,5,0,0,0,0.06255049024644277
2024-12-15 06:21:41,4,4,0,0,0,0.00641137992235834
2024-12-15 06:26:21,3,3,0,0,0,0.03352250177786105
2024-12-15 06:31:21,2,2,0,0,0,0.0019299613403359905
2024-12-15 06:36:21,3,2,0,1,0,0.006030625545193933
2024-12-15 06:41:42,3,3,0,0,0,0.021030131974705015
2024-12-15 06:46:22,0,0,0,0,0,0.0
2024-12-15 06:51:42,4,3,1,0,0,0.03277610232421336
2024-12-15 06:56:02,4,3,0,1,0,0.04564419007097342
2024-12-15 07:01:02,2,1,0,1,0,0.0032595798002751906
2024-12-15 07:06:43,6,5,1,0,0,0.08376495568945753
2024-12-15 07:11:03,2,1,1,0,0,0.0033039004156064974
2024-12-15 07:16:43,2,0,1,1,0,0.004212473029898284
2024-12-15 07:21:43,7,7,0,0,0,0.014987418988966182
2024-12-15 07:26:43,3,3,0,0,0,0.005756643559509491
2024-12-15 07:31:04,4,4,0,0,0,0.012629360795998251
2024-12-15 07:36:44,2,2,0,0,0,0.00518551199376288
2024-12-15 07:41:04,6,5,0,1,0,0.024978695886039612
2024-12-15 07:46:44,5,5,0,0,0,0.011039862364343662
2024-12-15 07:51:24,3,3,0,0,0,0.013320359480481806
2024-12-15 07:56:05,6,5,0,1,0,0.005836219209763429
2024-12-15 08:02:45,8,7,0,1,0,0.008536754884836911
2024-12-15 08:05:25,8,7,0,1,0,0.008536754884836911
2024-12-15 08:06:25,4,4,0,0,0,0.015487033198155456
2024-12-15 08:11:05,6,4,0,2,0,0.006486926425763977
2024-12-15 08:16:45,6,6,0,0,0,0.01458047515728782
2024-12-15 08:21:06,10,10,0,0,0,0.04195651341806629
2024-12-15 08:26:06,6,5,0,1,0,0.022146205651684285
2024-12-15 08:31:06,3,3,0,0,0,0.002144513410007998
2024-12-15 08:36:46,8,8,0,0,0,0.04434881935924478
2024-12-15 08:41:06,9,9,0,0,0,0.031029467165475045
2024-12-15 08:46:47,8,7,1,0,0,0.010547299162138913
2024-12-15 08:51:47,4,4,0,0,0,0.004453214554084245
2024-12-15 08:56:27,10,7,2,1,0,0.06383478080433859
2024-12-15 09:01:07,4,4,0,0,0,0.0049941275184686015
2024-12-15 09:06:47,4,3,0,1,0,0.029155913881015263
2024-12-15 09:11:47,4,3,1,0,0,0.02738510384118715
2024-12-15 09:16:08,8,8,0,0,0,0.07311592056939903
2024-12-15 09:21:28,2,1,1,0,0,0.046321086741487924
2024-12-15 09:26:08,2,1,0,1,0,0.0024537504306150694
2024-12-15 09:31:48,6,4,1,1,0,0.009349635261481557
2024-12-15 09:36:48,4,4,0,0,0,0.011128503595006275
2024-12-15 09:41:09,9,8,0,1,0,0.02261660854622338
2024-12-15 09:46:09,8,7,1,0,0,0.014784954359839076
2024-12-15 09:51:29,6,6,0,0,0,0.017587225992832148
2024-12-15 09:56:29,9,9,0,0,0,0.013141062445732429
2024-12-15 10:01:29,9,9,0,0,0,0.01857537425737787
2024-12-15 10:06:49,6,5,1,0,0,0.014278289143665275
2024-12-15 10:11:10,5,4,1,0,0,0.04062185852456671
2024-12-15 10:16:30,6,5,1,0,0,0.0513162215466686
2024-12-15 10:21:50,9,9,0,0,0,0.021026102827856715
2024-12-15 10:26:10,11,10,1,0,0,0.05940574113134414
2024-12-15 10:31:10,7,6,1,0,0,0.032247276800373904
2024-12-15 10:36:10,4,4,0,0,0,0.0020246462912710548
2024-12-15 10:41:10,14,13,1,0,0,0.06408055876208492
2024-12-15 10:46:11,4,4,0,0,0,0.003831718652733877
2024-12-15 10:51:51,8,7,1,0,0,0.023800170432911685
2024-12-15 10:56:11,8,7,1,0,0,0.008602228521121795
2024-12-15 11:01:31,12,12,0,0,0,0.04241281429863634
2024-12-15 11:06:31,9,9,0,0,0,0.018427303110702824
2024-12-15 11:11:31,12,11,1,0,0,0.03375014857479003
2024-12-15 11:16:12,16,13,1,2,0,0.024900127522497748
2024-12-15 11:21:52,13,13,0,0,0,0.0454830241970414
2024-12-15 11:26:12,11,10,1,0,0,0.06385694111200424
2024-12-15 11:31:52,8,7,1,0,0,0.026113908010548307
2024-12-15 11:36:52,5,4,1,0,0,0.04438407439416741
2024-12-15 11:41:12,8,8,0,0,0,0.02669914159026397
2024-12-15 11:46:13,6,5,1,0,0,0.008473295821976175
2024-12-15 11:51:33,11,9,2,0,0,0.04217811649472283
2024-12-15 11:56:13,9,9,0,0,0,0.04822183676717373
2024-12-15 12:01:13,11,9,2,0,0,0.05105231242810491
2024-12-15 12:06:33,10,9,1,0,0,0.03423566077001025
2024-12-15 12:11:14,9,8,1,0,0,0.06440490508337313
2024-12-15 12:16:14,19,16,2,0,1,0.07080621213861071
2024-12-15 12:21:34,15,13,2,0,0,0.07850792633913732
2024-12-15 12:26:34,16,15,0,1,0,0.03187760257704232
2024-12-15 12:31:14,13,12,1,0,0,0.054087267291587346
2024-12-15 12:36:34,12,10,0,2,0,0.04817751615184243
2024-12-15 12:41:35,8,8,0,0,0,0.009150192492490678
2024-12-15 12:46:15,14,13,1,0,0,0.03714671936790744
2024-12-15 12:51:35,11,10,1,0,0,0.07844245270285244
2024-12-15 12:56:35,8,8,0,0,0,0.015109300681127275
2024-12-15 13:01:15,11,10,0,1,0,0.046902291174355286
2024-12-15 13:06:15,3,3,0,0,0,0.006596720677380168
2024-12-15 13:11:36,6,5,0,1,0,0.02583488959130349
2024-12-15 13:16:16,8,5,2,1,0,0.0750509183432954
2024-12-15 13:21:36,8,8,0,0,0,0.0169405479236799
2024-12-15 13:26:16,13,11,2,0,0,0.0302367325230719
2024-12-15 13:31:16,7,6,1,0,0,0.004936712175880318
2024-12-15 13:36:16,10,10,0,0,0,0.05933623834821096
2024-12-15 13:41:17,14,14,0,0,0,0.038054284695487155
2024-12-15 13:46:37,13,12,1,0,0,0.04188298148808481
2024-12-15 13:51:37,16,15,1,0,0,0.02510964315860938
2024-12-15 13:56:17,9,8,1,0,0,0.02249371956735021
2024-12-15 14:01:37,10,10,0,0,0,0.010253171442212968
2024-12-15 14:06:17,11,11,0,0,0,0.027423380736246002
2024-12-15 14:11:38,8,7,0,1,0,0.03714470479448329
2024-12-15 14:16:18,12,12,0,0,0,0.040506020552678074
2024-12-15 14:21:18,13,13,0,0,0,0.02165867888303991
2024-12-15 14:26:38,13,12,1,0,0,0.06879768243473286
2024-12-15 14:31:18,16,16,0,0,0,0.04487260844952386
2024-12-15 14:36:19,12,11,1,0,0,0.08624086642773826
2024-12-15 14:41:19,10,9,1,0,0,0.05388580994917231
2024-12-15 14:46:19,13,12,0,1,0,0.02382837446084979
2024-12-15 14:51:19,12,11,1,0,0,0.03811572918492374
2024-12-15 14:56:39,9,9,0,0,0,0.04126350016015859
2024-12-15 15:01:19,19,17,1,1,0,0.04867410850089548
2024-12-15 15:06:20,12,12,0,0,0,0.04193838225724894
2024-12-15 15:11:20,9,9,0,0,0,0.032366136632398776
2024-12-15 15:16:40,11,11,0,0,0,0.013798820668717503
2024-12-15 15:21:40,15,15,0,0,0,0.032567593974813805
2024-12-15 15:26:40,13,13,0,0,0,0.01474264831793192
2024-12-15 15:31:40,13,13,0,0,0,0.06739251747138802
2024-12-15 15:36:41,12,12,0,0,0,0.02186013622545494
2024-12-15 15:41:01,18,17,0,1,0,0.03583825392892182
2024-12-15 15:46:01,10,6,3,1,0,0.034553963371026
2024-12-15 15:51:21,13,12,1,0,0,0.048826208794418825
2024-12-15 15:56:21,10,9,1,0,0,0.03218986145778562
2024-12-15 16:01:02,20,19,0,1,0,0.024448863075488082
2024-12-15 16:06:22,11,10,1,0,0,0.031034503599035423
2024-12-15 16:11:22,12,11,0,1,0,0.015381268093387565
2024-12-15 16:16:22,11,11,0,0,0,0.01194843497863545
2024-12-15 16:21:42,7,7,0,0,0,0.026072609255353225
2024-12-15 16:26:02,13,12,0,1,0,0.044415300282241735
2024-12-15 16:31:43,10,10,0,0,0,0.010566437609668342
2024-12-15 16:36:43,17,15,2,0,0,0.04647721618185957
2024-12-15 16:41:03,18,15,2,1,0,0.03463152444785579
2024-12-15 16:46:23,12,12,0,0,0,0.041619072369521115
2024-12-15 16:51:03,18,17,0,1,0,0.05218248811905323
2024-12-15 16:56:24,12,10,1,1,0,0.12495593120634671
2024-12-15 17:01:04,9,9,0,0,0,0.036911014277281856
2024-12-15 17:06:04,13,12,0,0,1,0.043182381346661754
2024-12-15 17:11:04,10,9,1,0,0,0.04276737922128679
2024-12-15 17:16:24,17,16,1,0,0,0.031160414438044817
2024-12-15 17:21:44,15,14,0,1,0,0.05182490133626655
2024-12-15 17:26:45,11,10,1,0,0,0.018107993222975002
2024-12-15 17:31:25,15,12,3,0,0,0.07451101266562311
2024-12-15 17:36:45,12,10,1,1,0,0.013164230040110157
2024-12-15 17:41:05,10,10,0,0,0,0.013762558347082798
2024-12-15 17:46:05,11,10,0,1,0,0.00886714492639756
2024-12-15 17:51:45,8,8,0,0,0,0.02483364659950079
2024-12-15 17:56:26,14,13,1,0,0,0.10533801520197106
2024-12-15 18:01:26,19,17,0,2,0,0.06635400487123853
2024-12-15 18:06:46,11,11,0,0,0,0.015273488415195524
2024-12-15 18:11:06,8,8,0,0,0,0.005352721587967356
2024-12-15 18:16:46,11,11,0,0,0,0.011487097664505029
2024-12-15 18:21:46,16,16,0,0,0,0.02716249347781854
2024-12-15 18:26:27,17,16,0,1,0,0.014982382555405805
2024-12-15 18:31:27,13,11,1,1,0,0.01779875620236793
2024-12-15 18:36:47,13,12,0,1,0,0.03472721668550293
2024-12-15 18:41:07,19,17,2,0,0,0.0677420459604781
2024-12-15 18:46:07,9,8,1,0,0,0.03395865692418959
2024-12-15 18:51:48,13,12,0,1,0,0.03160865702491826
2024-12-15 18:56:28,11,11,0,0,0,0.016276745980422374
2024-12-15 19:01:28,17,16,1,0,0,0.06741467777905367
2024-12-15 19:06:08,11,9,1,1,0,0.07496932811961732
2024-12-15 19:16:29,19,19,0,0,0,0.05905923450239029
2024-12-15 19:21:09,3,3,0,0,0,0.0015099227814006522
2024-12-15 19:26:49,8,7,1,0,0,0.01165329997199743
2024-12-15 19:31:29,14,13,0,1,0,0.051697983210545084
2024-12-15 19:36:29,15,14,1,0,0,0.05661555693889597
2024-12-15 19:41:09,14,11,2,1,0,0.0375335174653443
2024-12-15 19:46:30,8,8,0,0,0,0.04835580589987973
2024-12-15 19:51:30,7,7,0,0,0,0.04455934228206848
2024-12-15 19:56:10,14,14,0,0,0,0.0662381668993499
2024-12-15 20:01:30,5,5,0,0,0,0.007213180145170161
2024-12-15 20:06:30,16,14,2,0,0,0.044209813792978406
2024-12-15 20:11:11,11,10,1,0,0,0.022680067609084115
2024-12-15 20:16:31,8,7,0,1,0,0.015717701855220666
2024-12-15 20:21:11,6,6,0,0,0,0.006069909726964864
2024-12-15 20:26:11,9,6,2,1,0,0.022200599134136342
2024-12-15 20:31:31,10,7,2,1,0,0.020056085724128345
2024-12-15 20:36:12,15,13,2,0,0,0.025232532137482548
2024-12-15 20:41:12,11,11,0,0,0,0.016889176301364068
2024-12-15 20:46:32,9,8,0,1,0,0.029912386201783703
2024-12-15 20:51:12,12,12,0,0,0,0.02937953153109595
2024-12-15 20:56:12,8,8,0,0,0,0.036441618669454834
2024-12-15 21:01:13,4,4,0,0,0,0.007600985529319094
2024-12-15 21:06:53,9,9,0,0,0,0.02826748700096498
2024-12-15 21:16:33,6,6,0,0,0,0.0312017131932399
2024-12-15 21:21:33,11,10,0,1,0,0.0694282439164919
2024-12-15 21:26:14,5,3,0,2,0,0.0037571794360403156
2024-12-15 21:31:14,9,9,0,0,0,0.01589296974312174
2024-12-15 21:36:34,14,13,0,1,0,0.049977537506320724
2024-12-15 21:41:14,9,8,0,1,0,0.020114508353428703
2024-12-15 21:46:15,5,5,0,0,0,0.007196056271064883
2024-12-15 21:51:35,7,6,1,0,0,0.01691738032930217
2024-12-15 21:56:15,15,14,1,0,0,0.04204011821516853
2024-12-15 22:01:35,5,5,0,0,0,0.004023103128028156
2024-12-15 22:06:15,7,7,0,0,0,0.007786326284340922
2024-12-15 22:11:35,9,8,0,1,0,0.0071890052640803575
2024-12-15 22:16:16,10,10,0,0,0,0.01225968657266667
2024-12-15 22:21:16,8,5,1,2,0,0.04164123267718677
2024-12-15 22:26:16,15,14,1,0,0,0.06243666684797827
2024-12-15 22:31:16,6,5,1,0,0,0.030267958411146233
2024-12-15 22:36:16,11,10,1,0,0,0.03744789809481791
2024-12-15 22:41:37,3,3,0,0,0,0.03402211598705032
2024-12-15 22:46:17,3,3,0,0,0,0.0017415987251779372
2024-12-15 22:51:37,2,2,0,0,0,0.0010193741526200535
2024-12-15 22:56:37,9,9,0,0,0,0.029795540943182985
2024-12-15 23:01:37,6,4,1,1,0,0.004435083393266892
2024-12-15 23:06:38,3,2,1,0,0,0.012309043621558354
2024-12-15 23:11:18,3,3,0,0,0,0.020040976423447217
2024-12-15 23:16:38,7,6,0,1,0,0.009624624533878074
2024-12-15 23:21:18,4,4,0,0,0,0.004320252708090325
2024-12-15 23:26:38,7,7,0,0,0,0.009331504100664205
2024-12-15 23:31:39,6,5,0,1,0,0.015154628583170656
2024-12-15 23:36:19,3,1,0,2,0,0.002740827143556488
2024-12-15 23:41:39,8,7,1,0,0,0.01716920200732096
2024-12-15 23:46:19,4,2,0,2,0,0.005208679588140609
2024-12-15 23:51:39,3,3,0,0,0,0.004226575043867337
2024-12-15 23:56:40,3,3,0,0,0,0.0026552077730300997
2024-12-16 00:01:40,0,0,0,0,0,0.0
2024-12-16 00:06:20,5,2,1,2,0,0.01225968657266667
2024-12-16 00:11:40,4,3,1,0,0,0.0027821258987515687
2024-12-16 00:16:40,3,3,0,0,0,0.028009621602673743
2024-12-16 00:21:41,5,3,0,2,0,0.008317166381604527
2024-12-16 00:26:21,0,0,0,0,0,0.0
2024-12-16 00:31:41,2,2,0,0,0,0.011785254531279274
2024-12-16 00:36:41,4,4,0,0,0,0.01152638184627596
2024-12-16 00:41:21,5,4,1,0,0,0.0068062363134918
2024-12-16 00:46:02,1,1,0,0,0,0.0007051006984526061
2024-12-16 00:51:42,3,3,0,0,0,0.008600213947697645
2024-12-16 00:56:42,0,0,0,0,0,0.0
2024-12-16 01:01:02,1,0,0,1,0,0.0026793826541199033
2024-12-16 01:06:22,1,1,0,0,0,0.002669309786999152
2024-12-16 01:11:23,4,2,2,0,0,0.012733111327341992
2024-12-16 01:16:23,4,4,0,0,0,0.009212644268639337
2024-12-16 01:21:03,5,3,1,1,0,0.0072514570402290165
2024-12-16 01:26:03,1,1,0,0,0,0.010153450057717528
2024-12-16 01:31:23,0,0,0,0,0,0.0
2024-12-16 01:36:04,0,0,0,0,0,0.0
2024-12-16 01:41:24,1,1,0,0,0,0.026743462205595276
2024-12-16 01:46:24,5,4,1,0,0,0.02146125068747318
2024-12-16 01:51:24,4,0,2,2,0,0.010345841819723882
2024-12-16 01:56:04,0,0,0,0,0,0.0
2024-12-16 02:01:25,1,1,0,0,0,0.016448992008187228
2024-12-16 02:06:25,1,1,0,0,0,0.0006547363628488486
2024-12-16 02:11:05,0,0,0,0,0,0.0
2024-12-16 02:16:25,0,0,0,0,0,0.0
2024-12-16 02:21:45,1,1,0,0,0,0.004587183686790241
2024-12-16 02:26:45,0,0,0,0,0,0.0
2024-12-16 02:31:26,0,0,0,0,0,0.0
2024-12-16 02:36:06,2,2,0,0,0,0.0055582080772306865
2024-12-16 02:41:46,1,1,0,0,0,0.0006285469083348946
2024-12-16 02:46:06,0,0,0,0,0,0.0
2024-12-16 02:51:07,0,0,0,0,0,0.0
2024-12-16 02:56:27,0,0,0,0,0,0.0
2024-12-16 03:01:27,0,0,0,0,0,0.0
2024-12-16 03:06:07,1,1,0,0,0,0.0004875267686443734
2024-12-16 03:11:07,2,1,0,1,0,0.0285666511544513
2024-12-16 03:16:28,1,1,0,0,0,0.0033180024295755496
2024-12-16 03:21:28,2,1,0,1,0,0.0008048220829480462
2024-12-16 03:26:28,0,0,0,0,0,0.0
2024-12-16 03:31:08,0,0,0,0,0,0.0
2024-12-16 03:36:08,0,0,0,0,0,0.0
2024-12-16 03:41:09,1,1,0,0,0,0.004019073981179855
2024-12-16 03:46:29,1,1,0,0,0,0.002776082178479118
2024-12-16 03:51:29,1,1,0,0,0,0.0005499785447930327
2024-12-16 03:56:09,0,0,0,0,0,0.0
2024-12-16 04:01:29,1,1,0,0,0,0.0009025288940193359
2024-12-16 04:06:30,0,0,0,0,0,0.0
2024-12-16 04:11:10,0,0,0,0,0,0.0
2024-12-16 04:16:30,0,0,0,0,0,0.0
2024-12-16 04:21:30,0,0,0,0,0,0.0
2024-12-16 04:26:30,0,0,0,0,0,0.0
2024-12-16 04:31:31,2,2,0,0,0,0.0017768537601005675
2024-12-16 04:36:31,0,0,0,0,0,0.0
2024-12-16 04:41:11,1,0,1,0,0,0.05766313511945413
2024-12-16 04:46:31,1,1,0,0,0,0.0008159022367808729
2024-12-16 04:51:31,3,2,0,1,0,0.00206090861290576
2024-12-16 04:56:12,0,0,0,0,0,0.0
2024-12-16 05:01:32,0,0,0,0,0,0.0
2024-12-16 05:06:12,1,0,0,1,0,0.00044522072673721703
2024-12-16 05:11:12,1,1,0,0,0,0.014988426275678257
2024-12-16 05:16:32,4,3,0,1,0,0.039344618973655425
2024-12-16 05:21:13,1,0,0,1,0,0.0007413630200873116
2024-12-16 05:26:13,1,1,0,0,0,0.002165666430961576
2024-12-16 05:31:33,3,3,0,0,0,0.004821881490703751
2024-12-16 05:36:13,3,2,0,1,0,0.009734418785494265
2024-12-16 05:41:33,3,3,0,0,0,0.00803814796235971
2024-12-16 05:46:14,4,4,0,0,0,0.007102378606841894
2024-12-16 05:51:34,2,1,1,0,0,0.004129875519508122
2024-12-16 05:56:14,5,4,1,0,0,0.036791147158544917
2024-12-16 06:01:34,4,3,0,1,0,0.01565927922592031
2024-12-16 06:06:14,2,1,0,1,0,0.003162880275915976
2024-12-16 06:11:15,3,0,2,0,1,0.01833060358634361
2024-12-16 06:16:35,8,8,0,0,0,0.08380121801109224
2024-12-16 06:21:15,2,0,1,1,0,0.002385254934193959
2024-12-16 06:26:15,4,3,0,1,0,0.00292113146501794
2024-12-16 06:31:15,6,6,0,0,0,0.02567271643065939
2024-12-16 06:36:36,6,3,1,1,1,0.011951456838771675
2024-12-16 06:41:16,4,4,0,0,0,0.006107179335311645
2024-12-16 06:46:16,5,4,1,0,0,0.0025857049898969143
2024-12-16 06:51:16,4,4,0,0,0,0.0038186239254768997
2024-12-16 06:56:36,8,4,1,3,0,0.052670014887697604
2024-12-16 07:01:17,3,3,0,0,0,0.016898241881772743
2024-12-16 07:06:17,10,8,2,0,0,0.01572978929576557
2024-12-16 07:11:17,10,8,2,0,0,0.017889412006454695
2024-12-16 07:16:17,10,10,0,0,0,0.012321131062103256
2024-12-16 07:21:17,12,11,0,1,0,0.03660782097694724
2024-12-16 07:26:18,13,11,1,1,0,0.02675756421956433
2024-12-16 07:31:38,9,6,2,1,0,0.033238446925055856
2024-12-16 07:36:38,11,10,1,0,0,0.02627104473763203
2024-12-16 07:41:18,7,6,1,0,0,0.030477474047257862
2024-12-16 07:46:18,12,11,0,1,0,0.05789481106323142
2024-12-16 07:51:39,8,8,0,0,0,0.03695432760590109
2024-12-16 07:56:39,9,8,1,0,0,0.06312363638561352
2024-12-16 08:02:59,6,6,0,0,0,0.025421902039352677
2024-12-16 08:05:19,6,6,0,0,0,0.025421902039352677
2024-12-16 08:06:39,13,10,3,0,0,0.023951263439722956
2024-12-16 08:11:19,10,9,1,0,0,0.04500959944236608
2024-12-16 08:16:19,10,8,1,1,0,0.03882385174351257
2024-12-16 08:21:40,8,6,0,2,0,0.008755336101357218
2024-12-16 08:26:40,11,9,2,0,0,0.1000547963971369
2024-12-16 08:31:20,7,7,0,0,0,0.005721388524586861
2024-12-16 08:36:20,16,13,1,2,0,0.05305177655157409
2024-12-16 08:41:20,5,3,2,0,0,0.015915130050787395
2024-12-16 08:46:21,3,2,0,1,0,0.0021807757316427033
2024-12-16 08:51:41,7,6,0,1,0,0.02094451260417863
2024-12-16 08:56:21,10,8,2,0,0,0.04242893088602954
2024-12-16 09:01:41,14,13,1,0,0,0.054514356857507204
2024-12-16 09:06:21,11,10,1,0,0,0.05059399697411072
2024-12-16 09:11:01,12,9,3,0,0,0.06491761401981937
2024-12-16 09:16:22,8,5,3,0,0,0.07335565480687292
2024-12-16 09:21:22,5,5,0,0,0,0.008537762171548986
2024-12-16 09:26:22,8,6,1,1,0,0.07175003978782513
2024-12-16 09:31:42,5,4,1,0,0,0.020832703779138286
2024-12-16 09:36:22,3,3,0,0,0,0.03645572068342389
2024-12-16 09:41:23,9,9,0,0,0,0.010719545189903763
2024-12-16 09:46:23,10,6,2,1,1,0.04169159701279053
2024-12-16 09:51:23,10,9,1,0,0,0.030504670788483894
2024-12-16 09:56:43,12,11,0,1,0,0.010916973385470494
2024-12-16 10:01:43,10,8,2,0,0,0.04243195274616576
2024-12-16 10:06:43,14,13,1,0,0,0.09622912146467547
2024-12-16 10:16:24,11,9,2,0,0,0.07923619463196765
2024-12-16 10:21:04,8,7,1,0,0,0.0322190727724358
2024-12-16 10:26:44,9,9,0,0,0,0.03242455926169913
2024-12-16 10:31:44,4,4,0,0,0,0.004101671491570018
2024-12-16 10:36:25,6,5,1,0,0,0.015472931184186405
2024-12-16 10:41:05,13,12,1,0,0,0.03851360743619342
2024-12-16 10:46:25,9,6,3,0,0,0.013743419899553369
2024-12-16 10:51:25,10,6,3,0,1,0.10562307734148833
2024-12-16 10:56:25,9,8,1,0,0,0.030391854676731476
2024-12-16 11:01:45,10,8,2,0,0,0.04404159691206186
2024-12-16 11:06:45,4,4,0,0,0,0.029307006887826538
2024-12-16 11:11:06,1,1,0,0,0,0.0007051006984526061
2024-12-16 11:16:26,15,13,1,1,0,0.031827238241438564
2024-12-16 11:21:26,8,7,1,0,0,0.010754800224826394
2024-12-16 11:26:06,7,7,0,0,0,0.005337612287286229
2024-12-16 11:31:26,9,7,2,0,0,0.04054429744773693
2024-12-16 11:36:27,7,5,2,0,0,0.061685230960770214
2024-12-16 11:41:27,10,8,2,0,0,0.041007649335291496
2024-12-16 11:46:27,10,8,1,1,0,0.08654909616163325
2024-12-16 11:51:47,13,12,1,0,0,0.04293660338891542
2024-12-16 11:56:27,12,11,1,0,0,0.022626681413344132
2024-12-16 12:01:27,10,9,1,0,0,0.03735824957744322
2024-12-16 12:06:28,11,11,0,0,0,0.009740462505766717
2024-12-16 12:11:48,14,13,1,0,0,0.013742412612841294
2024-12-16 12:16:28,16,15,1,0,0,0.03899106133771704
2024-12-16 12:21:28,10,10,0,0,0,0.028823509266030466
2024-12-16 12:26:28,15,12,2,1,0,0.06404026729360192
2024-12-16 12:31:29,12,10,2,0,0,0.029633367782538885
2024-12-16 12:36:49,13,9,3,0,1,0.026297234192145982
2024-12-16 12:41:29,1,1,0,0,0,0.004656686469923426
2024-12-16 12:46:29,17,15,1,1,0,0.03157944571026808
2024-12-16 12:51:09,3,3,0,0,0,0.02620456381463507
2024-12-16 12:56:09,13,12,1,0,0,0.03406442202895748
2024-12-16 13:01:09,12,12,0,0,0,0.02893028165751043
2024-12-16 13:06:50,5,5,0,0,0,0.006801199879931424
2024-12-16 13:11:30,10,10,0,0,0,0.01868617579570614
2024-12-16 13:16:10,15,14,1,0,0,0.02056980194728667
2024-12-16 13:21:30,6,6,0,0,0,0.010347856393148032
2024-12-16 13:26:30,13,9,3,1,0,0.03153512509493677
2024-12-16 13:36:31,10,9,1,0,0,0.054219221850869186
2024-12-16 13:41:51,9,9,0,0,0,0.04628583170656529
2024-12-16 13:46:51,11,10,1,0,0,0.02583488959130349
2024-12-16 13:51:11,4,2,1,1,0,0.016126660260323177
2024-12-16 13:56:51,11,8,2,1,0,0.04487865216979631
2024-12-16 14:01:12,6,5,1,0,0,0.09262102046202227
2024-12-16 14:06:32,9,9,0,0,0,0.032465858016894215
2024-12-16 14:11:12,6,4,2,0,0,0.0561038552891618
2024-12-16 14:16:32,10,8,2,0,0,0.03447035857392376
2024-12-16 14:21:32,10,7,2,1,0,0.02664877725466021
2024-12-16 14:26:13,12,11,1,0,0,0.03863951827520282
2024-12-16 14:31:33,9,8,1,0,0,0.010803149987006001
2024-12-16 14:36:33,11,8,2,1,0,0.020176960129577363
2024-12-16 14:41:53,8,8,0,0,0,0.026002099185507964
2024-12-16 14:46:13,3,3,0,0,0,0.02217843882647069
2024-12-16 14:51:33,10,10,0,0,0,0.06417826557315622
2024-12-16 14:56:54,4,1,2,1,0,0.039562192903463654
2024-12-16 15:01:14,11,10,0,1,0,0.014536154541956513
2024-12-16 15:06:34,19,17,2,0,0,0.04703726759377336
2024-12-16 15:11:14,6,5,1,0,0,0.013172288333806757
2024-12-16 15:16:34,13,11,1,1,0,0.08603437265176285
2024-12-16 15:21:15,12,12,0,0,0,0.04400029815686678
2024-12-16 15:26:15,10,6,2,1,1,0.02769232628837007
2024-12-16 15:31:35,4,4,0,0,0,0.030288104145387736
2024-12-16 15:36:15,14,12,1,1,0,0.07791564175243713
2024-12-16 15:41:35,19,19,0,0,0,0.039028330946063824
2024-12-16 15:46:16,9,8,1,0,0,0.015576681715530146
2024-12-16 15:51:56,7,7,0,0,0,0.02824532669329933
2024-12-16 15:56:36,10,9,1,0,0,0.023584611076527602
2024-12-16 16:01:36,8,7,0,1,0,0.006087033601070141
2024-12-16 16:06:36,9,9,0,0,0,0.05253000203471916
2024-12-16 16:11:36,11,11,0,0,0,0.035357778167261975
2024-12-16 16:16:37,14,11,3,0,0,0.05434714726330273
2024-12-16 16:21:37,15,13,2,0,0,0.08108355846191348
2024-12-16 16:26:17,12,12,0,0,0,0.045267464840657315
2024-12-16 16:31:37,17,15,1,1,0,0.03877550198133296
2024-12-16 16:36:37,17,14,3,0,0,0.09895081016070252
2024-12-16 16:41:17,13,12,1,0,0,0.06703493068860134
2024-12-16 16:46:38,16,12,4,0,0,0.11748186380274908
2024-12-16 16:51:38,17,17,0,0,0,0.058191960643293586
2024-12-16 16:56:38,8,7,1,0,0,0.029237504104693352
2024-12-16 17:01:38,13,12,1,0,0,0.03476146443371348
2024-12-16 17:06:18,17,15,1,1,0,0.024338061537159814
2024-12-16 17:16:19,28,27,1,0,0,0.0843824224439596
2024-12-16 17:21:39,18,15,2,1,0,0.06654538934653281
2024-12-16 17:26:39,14,11,2,1,0,0.03334119016968752
2024-12-16 17:31:19,17,13,3,1,0,0.07829035240932909
2024-12-16 17:36:20,20,19,1,0,0,0.03593394616656896
2024-12-16 17:41:20,16,15,1,0,0,0.034306170839855515
2024-12-16 17:46:20,22,20,2,0,0,0.10922916377071737
2024-12-16 17:51:20,12,11,1,0,0,0.017905528593847895
2024-12-16 17:56:40,18,16,2,0,0,0.0641258866641283
2024-12-16 18:01:40,18,17,1,0,0,0.0466424112026399
2024-12-16 18:06:41,28,25,2,1,0,0.0750509183432954
2024-12-16 18:11:41,18,17,0,1,0,0.05489914038151991
2024-12-16 18:16:21,21,19,2,0,0,0.07049596783129157
2024-12-16 18:21:41,21,19,1,1,0,0.08310115374620002
2024-12-16 18:26:41,23,22,1,0,0,0.049580666541763116
2024-12-16 18:31:42,22,19,2,0,1,0.06722027144362316
2024-12-16 18:36:42,21,19,2,0,0,0.04788943215218894
2024-12-16 18:41:02,19,18,1,0,0,0.03589466198479803
2024-12-16 18:46:42,15,14,0,1,0,0.020178974703001513
2024-12-16 18:51:22,23,18,4,0,1,0.049182788290493426
2024-12-16 18:56:23,11,10,1,0,0,0.009926810547500619
2024-12-16 19:01:23,17,16,1,0,0,0.05424440401867107
2024-12-16 19:06:43,12,12,0,0,0,0.04758120241829394
2024-12-16 19:11:23,8,8,0,0,0,0.049329852150456405
2024-12-16 19:16:23,10,9,1,0,0,0.01620724319728919
2024-12-16 19:21:23,13,12,0,0,1,0.04257398017256836
2024-12-16 19:26:24,15,15,0,0,0,0.04981133519882833
2024-12-16 19:31:24,11,10,1,0,0,0.0612561268214262
2024-12-16 19:36:44,8,7,0,1,0,0.008285940493530198
2024-12-16 19:41:24,11,10,0,1,0,0.03619281885157227
2024-12-16 19:46:25,7,7,0,0,0,0.038076445003152805
2024-12-16 19:51:25,14,11,1,2,0,0.030542947683542748
2024-12-16 19:56:45,6,4,1,1,0,0.03812378747862034
2024-12-16 20:01:45,10,8,1,1,0,0.028383324972853622
2024-12-16 20:06:25,13,10,2,0,1,0.02501798006781054
2024-12-16 20:11:06,6,3,1,2,0,0.014714444289993816
2024-12-16 20:16:46,3,2,1,0,0,0.01955042779466662
2024-12-16 20:21:46,11,10,1,0,0,0.023957307159995406
2024-12-16 20:26:06,6,6,0,0,0,0.005949035321515845
2024-12-16 20:31:26,9,9,0,0,0,0.040198798105495155
2024-12-16 20:36:46,7,6,0,1,0,0.06754663233833552
2024-12-16 20:41:47,5,4,0,0,1,0.005272138651001344
2024-12-16 20:46:27,8,7,0,1,0,0.018553213949712218
2024-12-16 20:56:47,9,8,0,1,0,0.03876643640092429
2024-12-16 21:01:47,8,8,0,0,0,0.03654134005395027
2024-12-16 21:06:48,8,8,0,0,0,0.012585040180666945
2024-12-16 21:11:48,10,9,1,0,0,0.034595262126221084
2024-12-16 21:16:48,4,3,1,0,0,0.013486561787974206
2024-12-16 21:21:28,6,5,0,1,0,0.029508464230241567
2024-12-16 21:26:08,11,10,0,1,0,0.01832858901291946
2024-12-16 21:31:29,4,4,0,0,0,0.01874963485856687
2024-12-16 21:36:49,7,6,1,0,0,0.04178023824345314
2024-12-16 21:41:09,7,7,0,0,0,0.017444191279717476
2024-12-16 21:46:29,6,6,0,0,0,0.007624153123696823
2024-12-16 21:51:09,7,7,0,0,0,0.021968923190359056
2024-12-16 21:56:09,10,7,2,1,0,0.08191557728608756
2024-12-16 22:01:10,12,11,1,0,0,0.04626467868561172
2024-12-16 22:06:30,7,7,0,0,0,0.005796935027992498
2024-12-16 22:11:10,10,10,0,0,0,0.0367186225152755
2024-12-16 22:16:10,9,7,2,0,0,0.04124234713920501
2024-12-16 22:21:51,5,4,1,0,0,0.007778267990644321
2024-12-16 22:26:31,12,11,0,1,0,0.013979124990178955
2024-12-16 22:31:31,6,4,1,1,0,0.045026723316471354
2024-12-16 22:36:31,6,5,1,0,0,0.012711958306388414
2024-12-16 22:41:11,8,7,0,1,0,0.015537397533759214
2024-12-16 22:46:32,4,3,0,1,0,0.011583797188864244
2024-12-16 22:51:32,4,2,0,2,0,0.004941748609440694
2024-12-16 22:56:12,7,6,1,0,0,0.06304708259549582
2024-12-16 23:01:12,5,4,1,0,0,0.027592604903874628
2024-12-16 23:06:52,5,5,0,0,0,0.004446163547099719
2024-12-16 23:11:13,3,3,0,0,0,0.002523253213748255
2024-12-16 23:16:33,1,1,0,0,0,0.003684654792770905
2024-12-16 23:21:53,6,4,1,1,0,0.022797920154396908
2024-12-16 23:26:13,7,7,0,0,0,0.012334225789360232
2024-12-16 23:31:13,2,1,1,0,0,0.0030943847794948657
2024-12-16 23:36:34,2,2,0,0,0,0.004386733631087285
2024-12-16 23:41:34,3,3,0,0,0,0.0024527431439029944
2024-12-16 23:46:34,5,5,0,0,0,0.015826488820124784
2024-12-16 23:51:34,5,4,1,0,0,0.009171345513444255
2024-12-16 23:56:14,1,1,0,0,0,0.0013296184599392
