UTC_Epoch,Filename
1734373574,3796_20241216_235614.jpg
1734373294,3796_20241216_235134.jpg
1734372994,3796_20241216_234634.jpg
1734372694,3796_20241216_234134.jpg
1734372394,3796_20241216_233634.jpg
1734372073,3796_20241216_233113.jpg
1734371773,3796_20241216_232613.jpg
1734371513,3796_20241216_232153.jpg
1734371193,3796_20241216_231633.jpg
1734370873,3796_20241216_231113.jpg
1734370612,3796_20241216_230652.jpg
1734370272,3796_20241216_230112.jpg
1734369972,3796_20241216_225612.jpg
1734369692,3796_20241216_225132.jpg
1734369392,3796_20241216_224632.jpg
1734369071,3796_20241216_224111.jpg
1734368791,3796_20241216_223631.jpg
1734368491,3796_20241216_223131.jpg
1734368191,3796_20241216_222631.jpg
1734367911,3796_20241216_222151.jpg
1734367570,3796_20241216_221610.jpg
1734367270,3796_20241216_221110.jpg
1734366990,3796_20241216_220630.jpg
1734366670,3796_20241216_220110.jpg
1734366369,3796_20241216_215609.jpg
1734366069,3796_20241216_215109.jpg
1734365789,3796_20241216_214629.jpg
1734365469,3796_20241216_214109.jpg
1734365209,3796_20241216_213649.jpg
1734364889,3796_20241216_213129.jpg
1734364568,3796_20241216_212608.jpg
1734364288,3796_20241216_212128.jpg
1734364008,3796_20241216_211648.jpg
1734363708,3796_20241216_211148.jpg
1734363408,3796_20241216_210648.jpg
1734363107,3796_20241216_210147.jpg
1734362807,3796_20241216_205647.jpg
1734362187,3796_20241216_204627.jpg
1734361907,3796_20241216_204147.jpg
1734361606,3796_20241216_203646.jpg
1734361286,3796_20241216_203126.jpg
1734360966,3796_20241216_202606.jpg
1734360706,3796_20241216_202146.jpg
1734360406,3796_20241216_201646.jpg
1734360066,3796_20241216_201106.jpg
1734359785,3796_20241216_200625.jpg
1734359505,3796_20241216_200145.jpg
1734359205,3796_20241216_195645.jpg
1734358885,3796_20241216_195125.jpg
1734358585,3796_20241216_194625.jpg
1734358284,3796_20241216_194124.jpg
1734358004,3796_20241216_193644.jpg
1734357684,3796_20241216_193124.jpg
1734357384,3796_20241216_192624.jpg
1734357083,3796_20241216_192123.jpg
1734356783,3796_20241216_191623.jpg
1734356483,3796_20241216_191123.jpg
1734356203,3796_20241216_190643.jpg
1734355883,3796_20241216_190123.jpg
1734355583,3796_20241216_185623.jpg
1734355282,3796_20241216_185122.jpg
1734355002,3796_20241216_184642.jpg
1734354662,3796_20241216_184102.jpg
1734354402,3796_20241216_183642.jpg
1734354102,3796_20241216_183142.jpg
1734353801,3796_20241216_182641.jpg
1734353501,3796_20241216_182141.jpg
1734353181,3796_20241216_181621.jpg
1734352901,3796_20241216_181141.jpg
1734352601,3796_20241216_180641.jpg
1734352300,3796_20241216_180140.jpg
1734352000,3796_20241216_175640.jpg
1734351680,3796_20241216_175120.jpg
1734351380,3796_20241216_174620.jpg
1734351080,3796_20241216_174120.jpg
1734350780,3796_20241216_173620.jpg
1734350479,3796_20241216_173119.jpg
1734350199,3796_20241216_172639.jpg
1734349899,3796_20241216_172139.jpg
1734349579,3796_20241216_171619.jpg
1734348978,3796_20241216_170618.jpg
1734348698,3796_20241216_170138.jpg
1734348398,3796_20241216_165638.jpg
1734348098,3796_20241216_165138.jpg
1734347798,3796_20241216_164638.jpg
1734347477,3796_20241216_164117.jpg
1734347197,3796_20241216_163637.jpg
1734346897,3796_20241216_163137.jpg
1734346577,3796_20241216_162617.jpg
1734346297,3796_20241216_162137.jpg
1734345997,3796_20241216_161637.jpg
1734345696,3796_20241216_161136.jpg
1734345396,3796_20241216_160636.jpg
1734345096,3796_20241216_160136.jpg
1734344796,3796_20241216_155636.jpg
1734344516,3796_20241216_155156.jpg
1734344176,3796_20241216_154616.jpg
1734343895,3796_20241216_154135.jpg
1734343575,3796_20241216_153615.jpg
1734343295,3796_20241216_153135.jpg
1734342975,3796_20241216_152615.jpg
1734342675,3796_20241216_152115.jpg
1734342394,3796_20241216_151634.jpg
1734342074,3796_20241216_151114.jpg
1734341794,3796_20241216_150634.jpg
1734341474,3796_20241216_150114.jpg
1734341214,3796_20241216_145654.jpg
1734340893,3796_20241216_145133.jpg
1734340573,3796_20241216_144613.jpg
1734340313,3796_20241216_144153.jpg
1734339993,3796_20241216_143633.jpg
1734339693,3796_20241216_143133.jpg
1734339373,3796_20241216_142613.jpg
1734339092,3796_20241216_142132.jpg
1734338792,3796_20241216_141632.jpg
1734338472,3796_20241216_141112.jpg
1734338192,3796_20241216_140632.jpg
1734337872,3796_20241216_140112.jpg
1734337611,3796_20241216_135651.jpg
1734337271,3796_20241216_135111.jpg
1734337011,3796_20241216_134651.jpg
1734336711,3796_20241216_134151.jpg
1734336391,3796_20241216_133631.jpg
1734335790,3796_20241216_132630.jpg
1734335490,3796_20241216_132130.jpg
1734335170,3796_20241216_131610.jpg
1734334890,3796_20241216_131130.jpg
1734334610,3796_20241216_130650.jpg
1734334269,3796_20241216_130109.jpg
1734333969,3796_20241216_125609.jpg
1734333669,3796_20241216_125109.jpg
1734333389,3796_20241216_124629.jpg
1734333089,3796_20241216_124129.jpg
1734332809,3796_20241216_123649.jpg
1734332489,3796_20241216_123129.jpg
1734332188,3796_20241216_122628.jpg
1734331888,3796_20241216_122128.jpg
1734331588,3796_20241216_121628.jpg
1734331308,3796_20241216_121148.jpg
1734330988,3796_20241216_120628.jpg
1734330687,3796_20241216_120127.jpg
1734330387,3796_20241216_115627.jpg
1734330107,3796_20241216_115147.jpg
1734329787,3796_20241216_114627.jpg
1734329487,3796_20241216_114127.jpg
1734329187,3796_20241216_113627.jpg
1734328886,3796_20241216_113126.jpg
1734328566,3796_20241216_112606.jpg
1734328286,3796_20241216_112126.jpg
1734327986,3796_20241216_111626.jpg
1734327666,3796_20241216_111106.jpg
1734327405,3796_20241216_110645.jpg
1734327105,3796_20241216_110145.jpg
1734326785,3796_20241216_105625.jpg
1734326485,3796_20241216_105125.jpg
1734326185,3796_20241216_104625.jpg
1734325865,3796_20241216_104105.jpg
1734325585,3796_20241216_103625.jpg
1734325304,3796_20241216_103144.jpg
1734325004,3796_20241216_102644.jpg
1734324664,3796_20241216_102104.jpg
1734324384,3796_20241216_101624.jpg
1734323803,3796_20241216_100643.jpg
1734323503,3796_20241216_100143.jpg
1734323203,3796_20241216_095643.jpg
1734322883,3796_20241216_095123.jpg
1734322583,3796_20241216_094623.jpg
1734322283,3796_20241216_094123.jpg
1734321982,3796_20241216_093622.jpg
1734321702,3796_20241216_093142.jpg
1734321382,3796_20241216_092622.jpg
1734321082,3796_20241216_092122.jpg
1734320782,3796_20241216_091622.jpg
1734320461,3796_20241216_091101.jpg
1734320181,3796_20241216_090621.jpg
1734319901,3796_20241216_090141.jpg
1734319581,3796_20241216_085621.jpg
1734319301,3796_20241216_085141.jpg
1734318981,3796_20241216_084621.jpg
1734318680,3796_20241216_084120.jpg
1734318380,3796_20241216_083620.jpg
1734318080,3796_20241216_083120.jpg
1734317800,3796_20241216_082640.jpg
1734317500,3796_20241216_082140.jpg
1734317179,3796_20241216_081619.jpg
1734316879,3796_20241216_081119.jpg
1734316599,3796_20241216_080639.jpg
1734316519,3796_20241216_080519.jpg
1734316379,3796_20241216_080259.jpg
1734315999,3796_20241216_075639.jpg
1734315699,3796_20241216_075139.jpg
1734315378,3796_20241216_074618.jpg
1734315078,3796_20241216_074118.jpg
1734314798,3796_20241216_073638.jpg
1734314498,3796_20241216_073138.jpg
1734314178,3796_20241216_072618.jpg
1734313877,3796_20241216_072117.jpg
1734313577,3796_20241216_071617.jpg
1734313277,3796_20241216_071117.jpg
1734312977,3796_20241216_070617.jpg
1734312677,3796_20241216_070117.jpg
1734312396,3796_20241216_065636.jpg
1734312076,3796_20241216_065116.jpg
1734311776,3796_20241216_064616.jpg
1734311476,3796_20241216_064116.jpg
1734311196,3796_20241216_063636.jpg
1734310875,3796_20241216_063115.jpg
1734310575,3796_20241216_062615.jpg
1734310275,3796_20241216_062115.jpg
1734309995,3796_20241216_061635.jpg
1734309675,3796_20241216_061115.jpg
1734309374,3796_20241216_060614.jpg
1734309094,3796_20241216_060134.jpg
1734308774,3796_20241216_055614.jpg
1734308494,3796_20241216_055134.jpg
1734308174,3796_20241216_054614.jpg
1734307893,3796_20241216_054133.jpg
1734307573,3796_20241216_053613.jpg
1734307293,3796_20241216_053133.jpg
1734306973,3796_20241216_052613.jpg
1734306673,3796_20241216_052113.jpg
1734306392,3796_20241216_051632.jpg
1734306072,3796_20241216_051112.jpg
1734305772,3796_20241216_050612.jpg
1734305492,3796_20241216_050132.jpg
1734305172,3796_20241216_045612.jpg
1734304891,3796_20241216_045131.jpg
1734304591,3796_20241216_044631.jpg
1734304271,3796_20241216_044111.jpg
1734303991,3796_20241216_043631.jpg
1734303691,3796_20241216_043131.jpg
1734303390,3796_20241216_042630.jpg
1734303090,3796_20241216_042130.jpg
1734302790,3796_20241216_041630.jpg
1734302470,3796_20241216_041110.jpg
1734302190,3796_20241216_040630.jpg
1734301889,3796_20241216_040129.jpg
1734301569,3796_20241216_035609.jpg
1734301289,3796_20241216_035129.jpg
1734300989,3796_20241216_034629.jpg
1734300669,3796_20241216_034109.jpg
1734300368,3796_20241216_033608.jpg
1734300068,3796_20241216_033108.jpg
1734299788,3796_20241216_032628.jpg
1734299488,3796_20241216_032128.jpg
1734299188,3796_20241216_031628.jpg
1734298867,3796_20241216_031107.jpg
1734298567,3796_20241216_030607.jpg
1734298287,3796_20241216_030127.jpg
1734297987,3796_20241216_025627.jpg
1734297667,3796_20241216_025107.jpg
1734297366,3796_20241216_024606.jpg
1734297106,3796_20241216_024146.jpg
1734296766,3796_20241216_023606.jpg
1734296486,3796_20241216_023126.jpg
1734296205,3796_20241216_022645.jpg
1734295905,3796_20241216_022145.jpg
1734295585,3796_20241216_021625.jpg
1734295265,3796_20241216_021105.jpg
1734294985,3796_20241216_020625.jpg
1734294685,3796_20241216_020125.jpg
1734294364,3796_20241216_015604.jpg
1734294084,3796_20241216_015124.jpg
1734293784,3796_20241216_014624.jpg
1734293484,3796_20241216_014124.jpg
1734293164,3796_20241216_013604.jpg
1734292883,3796_20241216_013123.jpg
1734292563,3796_20241216_012603.jpg
1734292263,3796_20241216_012103.jpg
1734291983,3796_20241216_011623.jpg
1734291683,3796_20241216_011123.jpg
1734291382,3796_20241216_010622.jpg
1734291062,3796_20241216_010102.jpg
1734290802,3796_20241216_005642.jpg
1734290502,3796_20241216_005142.jpg
1734290162,3796_20241216_004602.jpg
1734289881,3796_20241216_004121.jpg
1734289601,3796_20241216_003641.jpg
1734289301,3796_20241216_003141.jpg
1734288981,3796_20241216_002621.jpg
1734288701,3796_20241216_002141.jpg
1734288400,3796_20241216_001640.jpg
1734288100,3796_20241216_001140.jpg
1734287780,3796_20241216_000620.jpg
1734287500,3796_20241216_000140.jpg
1734287200,3796_20241215_235640.jpg
1734286899,3796_20241215_235139.jpg
1734286579,3796_20241215_234619.jpg
1734286299,3796_20241215_234139.jpg
1734285979,3796_20241215_233619.jpg
1734285699,3796_20241215_233139.jpg
1734285398,3796_20241215_232638.jpg
1734285078,3796_20241215_232118.jpg
1734284798,3796_20241215_231638.jpg
1734284478,3796_20241215_231118.jpg
1734284198,3796_20241215_230638.jpg
1734283897,3796_20241215_230137.jpg
1734283597,3796_20241215_225637.jpg
1734283297,3796_20241215_225137.jpg
1734282977,3796_20241215_224617.jpg
1734282697,3796_20241215_224137.jpg
1734282376,3796_20241215_223616.jpg
1734282076,3796_20241215_223116.jpg
1734281776,3796_20241215_222616.jpg
1734281476,3796_20241215_222116.jpg
1734281176,3796_20241215_221616.jpg
1734280895,3796_20241215_221135.jpg
1734280575,3796_20241215_220615.jpg
1734280295,3796_20241215_220135.jpg
1734279975,3796_20241215_215615.jpg
1734279695,3796_20241215_215135.jpg
1734279375,3796_20241215_214615.jpg
1734279074,3796_20241215_214114.jpg
1734278794,3796_20241215_213634.jpg
1734278474,3796_20241215_213114.jpg
1734278174,3796_20241215_212614.jpg
1734277893,3796_20241215_212133.jpg
1734277593,3796_20241215_211633.jpg
1734277013,3796_20241215_210653.jpg
1734276673,3796_20241215_210113.jpg
1734276372,3796_20241215_205612.jpg
1734276072,3796_20241215_205112.jpg
1734275792,3796_20241215_204632.jpg
1734275472,3796_20241215_204112.jpg
1734275172,3796_20241215_203612.jpg
1734274891,3796_20241215_203131.jpg
1734274571,3796_20241215_202611.jpg
1734274271,3796_20241215_202111.jpg
1734273991,3796_20241215_201631.jpg
1734273671,3796_20241215_201111.jpg
1734273390,3796_20241215_200630.jpg
1734273090,3796_20241215_200130.jpg
1734272770,3796_20241215_195610.jpg
1734272490,3796_20241215_195130.jpg
1734272190,3796_20241215_194630.jpg
1734271869,3796_20241215_194109.jpg
1734271589,3796_20241215_193629.jpg
1734271289,3796_20241215_193129.jpg
1734271009,3796_20241215_192649.jpg
1734270669,3796_20241215_192109.jpg
1734270389,3796_20241215_191629.jpg
1734269768,3796_20241215_190608.jpg
1734269488,3796_20241215_190128.jpg
1734269188,3796_20241215_185628.jpg
1734268908,3796_20241215_185148.jpg
1734268567,3796_20241215_184607.jpg
1734268267,3796_20241215_184107.jpg
1734268007,3796_20241215_183647.jpg
1734267687,3796_20241215_183127.jpg
1734267387,3796_20241215_182627.jpg
1734267106,3796_20241215_182146.jpg
1734266806,3796_20241215_181646.jpg
1734266466,3796_20241215_181106.jpg
1734266206,3796_20241215_180646.jpg
1734265886,3796_20241215_180126.jpg
1734265586,3796_20241215_175626.jpg
1734265305,3796_20241215_175145.jpg
1734264965,3796_20241215_174605.jpg
1734264665,3796_20241215_174105.jpg
1734264405,3796_20241215_173645.jpg
1734264085,3796_20241215_173125.jpg
1734263805,3796_20241215_172645.jpg
1734263504,3796_20241215_172144.jpg
1734263184,3796_20241215_171624.jpg
1734262864,3796_20241215_171104.jpg
1734262564,3796_20241215_170604.jpg
1734262264,3796_20241215_170104.jpg
1734261984,3796_20241215_165624.jpg
1734261663,3796_20241215_165103.jpg
1734261383,3796_20241215_164623.jpg
1734261063,3796_20241215_164103.jpg
1734260803,3796_20241215_163643.jpg
1734260503,3796_20241215_163143.jpg
1734260162,3796_20241215_162602.jpg
1734259902,3796_20241215_162142.jpg
1734259582,3796_20241215_161622.jpg
1734259282,3796_20241215_161122.jpg
1734258982,3796_20241215_160622.jpg
1734258662,3796_20241215_160102.jpg
1734258381,3796_20241215_155621.jpg
1734258081,3796_20241215_155121.jpg
1734257761,3796_20241215_154601.jpg
1734257461,3796_20241215_154101.jpg
1734257201,3796_20241215_153641.jpg
1734256900,3796_20241215_153140.jpg
1734256600,3796_20241215_152640.jpg
1734256300,3796_20241215_152140.jpg
1734256000,3796_20241215_151640.jpg
1734255680,3796_20241215_151120.jpg
1734255380,3796_20241215_150620.jpg
1734255079,3796_20241215_150119.jpg
1734254799,3796_20241215_145639.jpg
1734254479,3796_20241215_145119.jpg
1734254179,3796_20241215_144619.jpg
1734253879,3796_20241215_144119.jpg
1734253579,3796_20241215_143619.jpg
1734253278,3796_20241215_143118.jpg
1734252998,3796_20241215_142638.jpg
1734252678,3796_20241215_142118.jpg
1734252378,3796_20241215_141618.jpg
1734252098,3796_20241215_141138.jpg
1734251777,3796_20241215_140617.jpg
1734251497,3796_20241215_140137.jpg
1734251177,3796_20241215_135617.jpg
1734250897,3796_20241215_135137.jpg
1734250597,3796_20241215_134637.jpg
1734250277,3796_20241215_134117.jpg
1734249976,3796_20241215_133616.jpg
1734249676,3796_20241215_133116.jpg
1734249376,3796_20241215_132616.jpg
1734249096,3796_20241215_132136.jpg
1734248776,3796_20241215_131616.jpg
1734248496,3796_20241215_131136.jpg
1734248175,3796_20241215_130615.jpg
1734247875,3796_20241215_130115.jpg
1734247595,3796_20241215_125635.jpg
1734247295,3796_20241215_125135.jpg
1734246975,3796_20241215_124615.jpg
1734246695,3796_20241215_124135.jpg
1734246394,3796_20241215_123634.jpg
1734246074,3796_20241215_123114.jpg
1734245794,3796_20241215_122634.jpg
1734245494,3796_20241215_122134.jpg
1734245174,3796_20241215_121614.jpg
1734244874,3796_20241215_121114.jpg
1734244593,3796_20241215_120633.jpg
1734244273,3796_20241215_120113.jpg
1734243973,3796_20241215_115613.jpg
1734243693,3796_20241215_115133.jpg
1734243373,3796_20241215_114613.jpg
1734243072,3796_20241215_114112.jpg
1734242812,3796_20241215_113652.jpg
1734242512,3796_20241215_113152.jpg
1734242172,3796_20241215_112612.jpg
1734241912,3796_20241215_112152.jpg
1734241572,3796_20241215_111612.jpg
1734241291,3796_20241215_111131.jpg
1734240991,3796_20241215_110631.jpg
1734240691,3796_20241215_110131.jpg
1734240371,3796_20241215_105611.jpg
1734240111,3796_20241215_105151.jpg
1734239771,3796_20241215_104611.jpg
1734239470,3796_20241215_104110.jpg
1734239170,3796_20241215_103610.jpg
1734238870,3796_20241215_103110.jpg
1734238570,3796_20241215_102610.jpg
1734238310,3796_20241215_102150.jpg
1734237990,3796_20241215_101630.jpg
1734237670,3796_20241215_101110.jpg
1734237409,3796_20241215_100649.jpg
1734237089,3796_20241215_100129.jpg
1734236789,3796_20241215_095629.jpg
1734236489,3796_20241215_095129.jpg
1734236169,3796_20241215_094609.jpg
1734235869,3796_20241215_094109.jpg
1734235608,3796_20241215_093648.jpg
1734235308,3796_20241215_093148.jpg
1734234968,3796_20241215_092608.jpg
1734234688,3796_20241215_092128.jpg
1734234368,3796_20241215_091608.jpg
1734234107,3796_20241215_091147.jpg
1734233807,3796_20241215_090647.jpg
1734233467,3796_20241215_090107.jpg
1734233187,3796_20241215_085627.jpg
1734232907,3796_20241215_085147.jpg
1734232607,3796_20241215_084647.jpg
1734232266,3796_20241215_084106.jpg
1734232006,3796_20241215_083646.jpg
1734231666,3796_20241215_083106.jpg
1734231366,3796_20241215_082606.jpg
1734231066,3796_20241215_082106.jpg
1734230805,3796_20241215_081645.jpg
1734230465,3796_20241215_081105.jpg
1734230185,3796_20241215_080625.jpg
1734230125,3796_20241215_080525.jpg
1734229965,3796_20241215_080245.jpg
1734229565,3796_20241215_075605.jpg
1734229284,3796_20241215_075124.jpg
1734229004,3796_20241215_074644.jpg
1734228664,3796_20241215_074104.jpg
1734228404,3796_20241215_073644.jpg
1734228064,3796_20241215_073104.jpg
1734227803,3796_20241215_072643.jpg
1734227503,3796_20241215_072143.jpg
1734227203,3796_20241215_071643.jpg
1734226863,3796_20241215_071103.jpg
1734226603,3796_20241215_070643.jpg
1734226262,3796_20241215_070102.jpg
1734225962,3796_20241215_065602.jpg
1734225702,3796_20241215_065142.jpg
1734225382,3796_20241215_064622.jpg
1734225102,3796_20241215_064142.jpg
1734224781,3796_20241215_063621.jpg
1734224481,3796_20241215_063121.jpg
1734224181,3796_20241215_062621.jpg
1734223901,3796_20241215_062141.jpg
1734223561,3796_20241215_061601.jpg
1734223300,3796_20241215_061140.jpg
1734223000,3796_20241215_060640.jpg
1734222660,3796_20241215_060100.jpg
1734222380,3796_20241215_055620.jpg
1734222080,3796_20241215_055120.jpg
1734221799,3796_20241215_054639.jpg
1734221499,3796_20241215_054139.jpg
1734221179,3796_20241215_053619.jpg
1734220859,3796_20241215_053059.jpg
1734220298,3796_20241215_052138.jpg
1734219998,3796_20241215_051638.jpg
1734219678,3796_20241215_051118.jpg
1734219398,3796_20241215_050638.jpg
1734218797,3796_20241215_045637.jpg
1734218477,3796_20241215_045117.jpg
1734218197,3796_20241215_044637.jpg
1734217877,3796_20241215_044117.jpg
1734217596,3796_20241215_043636.jpg
1734217276,3796_20241215_043116.jpg
1734216976,3796_20241215_042616.jpg
1734216696,3796_20241215_042136.jpg
1734216376,3796_20241215_041616.jpg
1734216095,3796_20241215_041135.jpg
1734215775,3796_20241215_040615.jpg
1734215495,3796_20241215_040135.jpg
1734215195,3796_20241215_035635.jpg
1734214875,3796_20241215_035115.jpg
1734214574,3796_20241215_034614.jpg
1734214294,3796_20241215_034134.jpg
1734213974,3796_20241215_033614.jpg
1734213694,3796_20241215_033134.jpg
1734213374,3796_20241215_032614.jpg
1734213093,3796_20241215_032133.jpg
1734212773,3796_20241215_031613.jpg
1734212493,3796_20241215_031133.jpg
1734212173,3796_20241215_030613.jpg
1734211892,3796_20241215_030132.jpg
1734211572,3796_20241215_025612.jpg
1734211292,3796_20241215_025132.jpg
1734210972,3796_20241215_024612.jpg
1734210692,3796_20241215_024132.jpg
1734210371,3796_20241215_023611.jpg
1734210091,3796_20241215_023131.jpg
1734209771,3796_20241215_022611.jpg
1734209511,3796_20241215_022151.jpg
1734209171,3796_20241215_021611.jpg
1734208890,3796_20241215_021130.jpg
1734208590,3796_20241215_020630.jpg
1734208270,3796_20241215_020110.jpg
1734207970,3796_20241215_015610.jpg
1734207670,3796_20241215_015110.jpg
1734207390,3796_20241215_014630.jpg
1734207069,3796_20241215_014109.jpg
1734206789,3796_20241215_013629.jpg
1734206469,3796_20241215_013109.jpg
1734206169,3796_20241215_012609.jpg
1734205889,3796_20241215_012129.jpg
1734205608,3796_20241215_011648.jpg
1734205268,3796_20241215_011108.jpg
1734204968,3796_20241215_010608.jpg
1734204688,3796_20241215_010128.jpg
1734204368,3796_20241215_005608.jpg
1734204087,3796_20241215_005127.jpg
1734203787,3796_20241215_004627.jpg
1734203487,3796_20241215_004127.jpg
1734203167,3796_20241215_003607.jpg
1734202887,3796_20241215_003127.jpg
1734202586,3796_20241215_002626.jpg
1734202266,3796_20241215_002106.jpg
1734201986,3796_20241215_001626.jpg
1734201666,3796_20241215_001106.jpg
1734201366,3796_20241215_000606.jpg
1734201066,3796_20241215_000106.jpg
1734200765,3796_20241214_235605.jpg
1734200485,3796_20241214_235125.jpg
1734200185,3796_20241214_234625.jpg
1734199905,3796_20241214_234145.jpg
1734199604,3796_20241214_233644.jpg
1734199264,3796_20241214_233104.jpg
1734199004,3796_20241214_232644.jpg
1734198684,3796_20241214_232124.jpg
1734198384,3796_20241214_231624.jpg
1734198104,3796_20241214_231144.jpg
1734197783,3796_20241214_230623.jpg
1734197503,3796_20241214_230143.jpg
1734197163,3796_20241214_225603.jpg
1734196903,3796_20241214_225143.jpg
1734196563,3796_20241214_224603.jpg
1734196282,3796_20241214_224122.jpg
1734196002,3796_20241214_223642.jpg
1734195662,3796_20241214_223102.jpg
1734195382,3796_20241214_222622.jpg
1734195102,3796_20241214_222142.jpg
1734194761,3796_20241214_221601.jpg
1734194501,3796_20241214_221141.jpg
1734194181,3796_20241214_220621.jpg
1734193881,3796_20241214_220121.jpg
1734193621,3796_20241214_215701.jpg
1734193601,3796_20241214_215641.jpg
1734193300,3796_20241214_215140.jpg
1734193000,3796_20241214_214640.jpg
1734192680,3796_20241214_214120.jpg
1734192400,3796_20241214_213640.jpg
1734192080,3796_20241214_213120.jpg
1734191779,3796_20241214_212619.jpg
1734191479,3796_20241214_212119.jpg
1734190879,3796_20241214_211119.jpg
1734190579,3796_20241214_210619.jpg
1734190298,3796_20241214_210138.jpg
1734189998,3796_20241214_205638.jpg
1734189678,3796_20241214_205118.jpg
1734189398,3796_20241214_204638.jpg
1734189098,3796_20241214_204138.jpg
1734188797,3796_20241214_203637.jpg
1734188477,3796_20241214_203117.jpg
1734188197,3796_20241214_202637.jpg
1734187877,3796_20241214_202117.jpg
1734187597,3796_20241214_201637.jpg
1734187277,3796_20241214_201117.jpg
1734186996,3796_20241214_200636.jpg
1734186696,3796_20241214_200136.jpg
1734186376,3796_20241214_195616.jpg
1734186096,3796_20241214_195136.jpg
1734185796,3796_20241214_194636.jpg
1734185495,3796_20241214_194135.jpg
1734185195,3796_20241214_193635.jpg
1734184875,3796_20241214_193115.jpg
1734184575,3796_20241214_192615.jpg
1734184295,3796_20241214_192135.jpg
1734183994,3796_20241214_191634.jpg
1734183694,3796_20241214_191134.jpg
1734183394,3796_20241214_190634.jpg
1734183074,3796_20241214_190114.jpg
1734182774,3796_20241214_185614.jpg
1734182473,3796_20241214_185113.jpg
1734182193,3796_20241214_184633.jpg
1734181893,3796_20241214_184133.jpg
1734181593,3796_20241214_183633.jpg
1734181273,3796_20241214_183113.jpg
1734181012,3796_20241214_182652.jpg
1734180712,3796_20241214_182152.jpg
1734180392,3796_20241214_181632.jpg
1734180092,3796_20241214_181132.jpg
1734179792,3796_20241214_180632.jpg
1734179492,3796_20241214_180132.jpg
1734179191,3796_20241214_175631.jpg
1734178891,3796_20241214_175131.jpg
1734178571,3796_20241214_174611.jpg
1734178271,3796_20241214_174111.jpg
1734178011,3796_20241214_173651.jpg
1734177691,3796_20241214_173131.jpg
1734177410,3796_20241214_172650.jpg
1734177090,3796_20241214_172130.jpg
1734176770,3796_20241214_171610.jpg
1734176490,3796_20241214_171130.jpg
1734176210,3796_20241214_170650.jpg
1734175910,3796_20241214_170150.jpg
1734175609,3796_20241214_165649.jpg
1734175289,3796_20241214_165129.jpg
1734174969,3796_20241214_164609.jpg
1734174669,3796_20241214_164109.jpg
1734174409,3796_20241214_163649.jpg
1734174069,3796_20241214_163109.jpg
1734173769,3796_20241214_162609.jpg
1734173488,3796_20241214_162128.jpg
1734173188,3796_20241214_161628.jpg
1734172868,3796_20241214_161108.jpg
1734172588,3796_20241214_160628.jpg
1734172268,3796_20241214_160108.jpg
1734171988,3796_20241214_155628.jpg
1734171687,3796_20241214_155127.jpg
1734171387,3796_20241214_154627.jpg
1734171087,3796_20241214_154127.jpg
1734170787,3796_20241214_153627.jpg
1734170207,3796_20241214_152647.jpg
1734169886,3796_20241214_152126.jpg
1734169586,3796_20241214_151626.jpg
1734169266,3796_20241214_151106.jpg
1734168986,3796_20241214_150626.jpg
1734168686,3796_20241214_150126.jpg
1734168386,3796_20241214_145626.jpg
1734168085,3796_20241214_145125.jpg
1734167805,3796_20241214_144645.jpg
1734167465,3796_20241214_144105.jpg
1734167185,3796_20241214_143625.jpg
1734166885,3796_20241214_143125.jpg
1734166605,3796_20241214_142645.jpg
1734166285,3796_20241214_142125.jpg
1734165984,3796_20241214_141624.jpg
1734165704,3796_20241214_141144.jpg
1734165384,3796_20241214_140624.jpg
1734165104,3796_20241214_140144.jpg
1734164784,3796_20241214_135624.jpg
1734164504,3796_20241214_135144.jpg
1734164184,3796_20241214_134624.jpg
1734163883,3796_20241214_134123.jpg
1734163603,3796_20241214_133643.jpg
1734163283,3796_20241214_133123.jpg
1734162983,3796_20241214_132623.jpg
1734162703,3796_20241214_132143.jpg
1734162383,3796_20241214_131623.jpg
1734162102,3796_20241214_131142.jpg
1734161782,3796_20241214_130622.jpg
1734161462,3796_20241214_130102.jpg
1734161182,3796_20241214_125622.jpg
1734160902,3796_20241214_125142.jpg
1734160602,3796_20241214_124642.jpg
1734160281,3796_20241214_124121.jpg
1734159981,3796_20241214_123621.jpg
1734159681,3796_20241214_123121.jpg
1734159401,3796_20241214_122641.jpg
1734159101,3796_20241214_122141.jpg
1734158801,3796_20241214_121641.jpg
1734158480,3796_20241214_121120.jpg
1734158200,3796_20241214_120640.jpg
1734157880,3796_20241214_120120.jpg
1734157600,3796_20241214_115640.jpg
1734157280,3796_20241214_115120.jpg
1734156980,3796_20241214_114620.jpg
1734156660,3796_20241214_114100.jpg
1734156379,3796_20241214_113619.jpg
1734156079,3796_20241214_113119.jpg
1734155779,3796_20241214_112619.jpg
1734155479,3796_20241214_112119.jpg
1734155179,3796_20241214_111619.jpg
1734154898,3796_20241214_111138.jpg
1734154578,3796_20241214_110618.jpg
1734154278,3796_20241214_110118.jpg
1734153978,3796_20241214_105618.jpg
1734153698,3796_20241214_105138.jpg
1734153378,3796_20241214_104618.jpg
1734153097,3796_20241214_104137.jpg
1734152797,3796_20241214_103637.jpg
1734152477,3796_20241214_103117.jpg
1734152197,3796_20241214_102637.jpg
1734151877,3796_20241214_102117.jpg
1734151577,3796_20241214_101617.jpg
1734151316,3796_20241214_101156.jpg
1734150996,3796_20241214_100636.jpg
1734150676,3796_20241214_100116.jpg
1734150396,3796_20241214_095636.jpg
1734150076,3796_20241214_095116.jpg
1734149776,3796_20241214_094616.jpg
1734149495,3796_20241214_094135.jpg
1734149195,3796_20241214_093635.jpg
1734148895,3796_20241214_093135.jpg
1734148575,3796_20241214_092615.jpg
1734148295,3796_20241214_092135.jpg
1734147975,3796_20241214_091615.jpg
1734147694,3796_20241214_091134.jpg
1734147414,3796_20241214_090654.jpg
1734147074,3796_20241214_090114.jpg
1734146774,3796_20241214_085614.jpg
1734146514,3796_20241214_085154.jpg
1734146194,3796_20241214_084634.jpg
1734145893,3796_20241214_084133.jpg
1734145613,3796_20241214_083653.jpg
1734145273,3796_20241214_083113.jpg
1734144973,3796_20241214_082613.jpg
1734144673,3796_20241214_082113.jpg
1734144393,3796_20241214_081633.jpg
1734144073,3796_20241214_081113.jpg
1734143792,3796_20241214_080632.jpg
1734143712,3796_20241214_080512.jpg
1734143572,3796_20241214_080252.jpg
1734143172,3796_20241214_075612.jpg
1734142872,3796_20241214_075112.jpg
1734142572,3796_20241214_074612.jpg
1734142271,3796_20241214_074111.jpg
1734141971,3796_20241214_073611.jpg
1734141691,3796_20241214_073131.jpg
1734141371,3796_20241214_072611.jpg
1734141111,3796_20241214_072151.jpg
1734140771,3796_20241214_071611.jpg
1734140490,3796_20241214_071130.jpg
1734140170,3796_20241214_070610.jpg
1734139890,3796_20241214_070130.jpg
1734139570,3796_20241214_065610.jpg
1734139290,3796_20241214_065130.jpg
1734138969,3796_20241214_064609.jpg
1734138669,3796_20241214_064109.jpg
1734138389,3796_20241214_063629.jpg
1734138069,3796_20241214_063109.jpg
1734137769,3796_20241214_062609.jpg
1734137469,3796_20241214_062109.jpg
1734137188,3796_20241214_061628.jpg
1734136868,3796_20241214_061108.jpg
1734136588,3796_20241214_060628.jpg
1734136268,3796_20241214_060108.jpg
1734135988,3796_20241214_055628.jpg
1734135687,3796_20241214_055127.jpg
1734135367,3796_20241214_054607.jpg
1734135067,3796_20241214_054107.jpg
1734134807,3796_20241214_053647.jpg
1734134487,3796_20241214_053127.jpg
1734134186,3796_20241214_052626.jpg
1734133886,3796_20241214_052126.jpg
1734133586,3796_20241214_051626.jpg
1734133286,3796_20241214_051126.jpg
1734132986,3796_20241214_050626.jpg
1734132686,3796_20241214_050126.jpg
1734132405,3796_20241214_045645.jpg
1734132065,3796_20241214_045105.jpg
1734131765,3796_20241214_044605.jpg
1734131465,3796_20241214_044105.jpg
1734131205,3796_20241214_043645.jpg
1734130864,3796_20241214_043104.jpg
1734130564,3796_20241214_042604.jpg
1734130264,3796_20241214_042104.jpg
1734129964,3796_20241214_041604.jpg
1734129664,3796_20241214_041104.jpg
1734129403,3796_20241214_040643.jpg
1734129083,3796_20241214_040123.jpg
1734128803,3796_20241214_035643.jpg
1734128503,3796_20241214_035143.jpg
1734128183,3796_20241214_034623.jpg
1734127862,3796_20241214_034102.jpg
1734127282,3796_20241214_033122.jpg
1734127002,3796_20241214_032642.jpg
1734126682,3796_20241214_032122.jpg
1734126401,3796_20241214_031641.jpg
1734126081,3796_20241214_031121.jpg
1734125781,3796_20241214_030621.jpg
1734125501,3796_20241214_030141.jpg
1734125161,3796_20241214_025601.jpg
1734124901,3796_20241214_025141.jpg
1734124580,3796_20241214_024620.jpg
1734124300,3796_20241214_024140.jpg
1734124000,3796_20241214_023640.jpg
1734123700,3796_20241214_023140.jpg
1734123400,3796_20241214_022640.jpg
1734123079,3796_20241214_022119.jpg
1734122759,3796_20241214_021559.jpg
1734122479,3796_20241214_021119.jpg
1734122199,3796_20241214_020639.jpg
1734121899,3796_20241214_020139.jpg
1734121598,3796_20241214_015638.jpg
1734121298,3796_20241214_015138.jpg
1734120998,3796_20241214_014638.jpg
1734120658,3796_20241214_014058.jpg
1734120398,3796_20241214_013638.jpg
1734120097,3796_20241214_013137.jpg
1734119497,3796_20241214_012137.jpg
1734119197,3796_20241214_011637.jpg
1734118877,3796_20241214_011117.jpg
1734118577,3796_20241214_010617.jpg
1734118296,3796_20241214_010136.jpg
1734117956,3796_20241214_005556.jpg
1734117696,3796_20241214_005136.jpg
1734117396,3796_20241214_004636.jpg
1734117076,3796_20241214_004116.jpg
1734116775,3796_20241214_003615.jpg
1734116495,3796_20241214_003135.jpg
1734116195,3796_20241214_002635.jpg
1734115895,3796_20241214_002135.jpg
1734115575,3796_20241214_001615.jpg
1734115294,3796_20241214_001134.jpg
1734114994,3796_20241214_000634.jpg
1734114694,3796_20241214_000134.jpg
1734114394,3796_20241213_235634.jpg
1734114094,3796_20241213_235134.jpg
1734113793,3796_20241213_234633.jpg
1734113453,3796_20241213_234053.jpg
1734113173,3796_20241213_233613.jpg
1734112893,3796_20241213_233133.jpg
1734112593,3796_20241213_232633.jpg
1734112272,3796_20241213_232112.jpg
1734111972,3796_20241213_231612.jpg
1734111692,3796_20241213_231132.jpg
1734111392,3796_20241213_230632.jpg
1734111072,3796_20241213_230112.jpg
1734110791,3796_20241213_225631.jpg
1734110471,3796_20241213_225111.jpg
1734110171,3796_20241213_224611.jpg
1734109871,3796_20241213_224111.jpg
1734109611,3796_20241213_223651.jpg
1734109270,3796_20241213_223110.jpg
1734108970,3796_20241213_222610.jpg
1734108690,3796_20241213_222130.jpg
1734108370,3796_20241213_221610.jpg
1734108070,3796_20241213_221110.jpg
1734107770,3796_20241213_220610.jpg
1734107489,3796_20241213_220129.jpg
1734107169,3796_20241213_215609.jpg
1734106889,3796_20241213_215129.jpg
1734106589,3796_20241213_214629.jpg
1734106268,3796_20241213_214108.jpg
1734106008,3796_20241213_213648.jpg
1734105668,3796_20241213_213108.jpg
1734105368,3796_20241213_212608.jpg
1734105068,3796_20241213_212108.jpg
1734104768,3796_20241213_211608.jpg
1734104467,3796_20241213_211107.jpg
1734104167,3796_20241213_210607.jpg
1734103887,3796_20241213_210127.jpg
1734103567,3796_20241213_205607.jpg
1734103307,3796_20241213_205147.jpg
1734102966,3796_20241213_204606.jpg
1734102666,3796_20241213_204106.jpg
1734102386,3796_20241213_203626.jpg
1734102086,3796_20241213_203126.jpg
1734101766,3796_20241213_202606.jpg
1734101465,3796_20241213_202105.jpg
1734101185,3796_20241213_201625.jpg
1734100865,3796_20241213_201105.jpg
1734100605,3796_20241213_200645.jpg
1734100265,3796_20241213_200105.jpg
1734099965,3796_20241213_195605.jpg
1734099664,3796_20241213_195104.jpg
1734099364,3796_20241213_194604.jpg
1734099104,3796_20241213_194144.jpg
1734098784,3796_20241213_193624.jpg
1734098504,3796_20241213_193144.jpg
1734098203,3796_20241213_192643.jpg
1734097903,3796_20241213_192143.jpg
1734097563,3796_20241213_191603.jpg
1734097283,3796_20241213_191123.jpg
1734097003,3796_20241213_190643.jpg
1734096683,3796_20241213_190123.jpg
1734096402,3796_20241213_185642.jpg
1734096082,3796_20241213_185122.jpg
1734095802,3796_20241213_184642.jpg
1734095482,3796_20241213_184122.jpg
1734095202,3796_20241213_183642.jpg
1734094881,3796_20241213_183121.jpg
1734094601,3796_20241213_182641.jpg
1734094301,3796_20241213_182141.jpg
1734093981,3796_20241213_181621.jpg
1734093701,3796_20241213_181141.jpg
1734093381,3796_20241213_180621.jpg
1734093060,3796_20241213_180100.jpg
1734092800,3796_20241213_175640.jpg
1734092500,3796_20241213_175140.jpg
1734092200,3796_20241213_174640.jpg
1734091900,3796_20241213_174140.jpg
1734091599,3796_20241213_173639.jpg
1734091299,3796_20241213_173139.jpg
1734090999,3796_20241213_172639.jpg
1734090699,3796_20241213_172139.jpg
1734090359,3796_20241213_171559.jpg
1734090099,3796_20241213_171139.jpg
1734089778,3796_20241213_170618.jpg
1734089518,3796_20241213_170158.jpg
1734089198,3796_20241213_165638.jpg
1734088878,3796_20241213_165118.jpg
1734088598,3796_20241213_164638.jpg
1734088278,3796_20241213_164118.jpg
1734087977,3796_20241213_163617.jpg
1734087677,3796_20241213_163117.jpg
1734087377,3796_20241213_162617.jpg
1734087117,3796_20241213_162157.jpg
1734086797,3796_20241213_161637.jpg
1734086497,3796_20241213_161137.jpg
1734086216,3796_20241213_160656.jpg
1734085856,3796_20241213_160056.jpg
1734085596,3796_20241213_155636.jpg
1734085276,3796_20241213_155116.jpg
1734085016,3796_20241213_154656.jpg
1734084676,3796_20241213_154116.jpg
1734084395,3796_20241213_153635.jpg
1734084095,3796_20241213_153135.jpg
1734083775,3796_20241213_152615.jpg
1734083475,3796_20241213_152115.jpg
1734083175,3796_20241213_151615.jpg
1734082894,3796_20241213_151134.jpg
1734082594,3796_20241213_150634.jpg
1734082254,3796_20241213_150054.jpg
1734081994,3796_20241213_145634.jpg
1734081674,3796_20241213_145114.jpg
1734081374,3796_20241213_144614.jpg
1734081074,3796_20241213_144114.jpg
1734080813,3796_20241213_143653.jpg
1734080493,3796_20241213_143133.jpg
1734080173,3796_20241213_142613.jpg
1734079893,3796_20241213_142133.jpg
1734079593,3796_20241213_141633.jpg
1734079272,3796_20241213_141112.jpg
1734079012,3796_20241213_140652.jpg
1734078692,3796_20241213_140132.jpg
1734078372,3796_20241213_135612.jpg
1734078072,3796_20241213_135112.jpg
1734077792,3796_20241213_134632.jpg
1734077491,3796_20241213_134131.jpg
1734077191,3796_20241213_133631.jpg
1734076891,3796_20241213_133131.jpg
1734076571,3796_20241213_132611.jpg
1734076291,3796_20241213_132131.jpg
1734075971,3796_20241213_131611.jpg
1734075690,3796_20241213_131130.jpg
1734075370,3796_20241213_130610.jpg
1734075110,3796_20241213_130150.jpg
1734074770,3796_20241213_125610.jpg
1734074510,3796_20241213_125150.jpg
1734074170,3796_20241213_124610.jpg
1734073909,3796_20241213_124149.jpg
1734073589,3796_20241213_123629.jpg
1734073269,3796_20241213_123109.jpg
1734072989,3796_20241213_122629.jpg
1734072709,3796_20241213_122149.jpg
1734072389,3796_20241213_121629.jpg
1734072089,3796_20241213_121129.jpg
1734071788,3796_20241213_120628.jpg
1734071488,3796_20241213_120128.jpg
1734071188,3796_20241213_115628.jpg
1734070908,3796_20241213_115148.jpg
1734070267,3796_20241213_114107.jpg
1734070007,3796_20241213_113647.jpg
1734069667,3796_20241213_113107.jpg
1734069407,3796_20241213_112647.jpg
1734069087,3796_20241213_112127.jpg
1734068807,3796_20241213_111647.jpg
1734068486,3796_20241213_111126.jpg
1734068186,3796_20241213_110626.jpg
1734067866,3796_20241213_110106.jpg
1734067586,3796_20241213_105626.jpg
1734067286,3796_20241213_105126.jpg
1734066986,3796_20241213_104626.jpg
1734066665,3796_20241213_104105.jpg
1734066405,3796_20241213_103645.jpg
1734066085,3796_20241213_103125.jpg
1734065805,3796_20241213_102645.jpg
1734065485,3796_20241213_102125.jpg
1734065205,3796_20241213_101645.jpg
1734064864,3796_20241213_101104.jpg
1734064604,3796_20241213_100644.jpg
1734064284,3796_20241213_100124.jpg
1734064004,3796_20241213_095644.jpg
1734063684,3796_20241213_095124.jpg
1734063404,3796_20241213_094644.jpg
1734063064,3796_20241213_094104.jpg
1734062803,3796_20241213_093643.jpg
1734062463,3796_20241213_093103.jpg
1734062203,3796_20241213_092643.jpg
1734061883,3796_20241213_092123.jpg
1734061603,3796_20241213_091643.jpg
1734061263,3796_20241213_091103.jpg
1734060702,3796_20241213_090142.jpg
1734060362,3796_20241213_085602.jpg
1734060102,3796_20241213_085142.jpg
1734059762,3796_20241213_084602.jpg
1734059481,3796_20241213_084121.jpg
1734059181,3796_20241213_083621.jpg
1734058861,3796_20241213_083101.jpg
1734058601,3796_20241213_082641.jpg
1734058281,3796_20241213_082121.jpg
1734058001,3796_20241213_081641.jpg
1734057700,3796_20241213_081140.jpg
1734057380,3796_20241213_080620.jpg
1734057320,3796_20241213_080520.jpg
1734057180,3796_20241213_080300.jpg
1734056780,3796_20241213_075620.jpg
1734056500,3796_20241213_075140.jpg
1734056180,3796_20241213_074620.jpg
1734055879,3796_20241213_074119.jpg
1734055599,3796_20241213_073639.jpg
1734055299,3796_20241213_073139.jpg
1734054999,3796_20241213_072639.jpg
1734054679,3796_20241213_072119.jpg
1734054358,3796_20241213_071558.jpg
1734054058,3796_20241213_071058.jpg
1734053798,3796_20241213_070638.jpg
1734053478,3796_20241213_070118.jpg
1734053178,3796_20241213_065618.jpg
1734052877,3796_20241213_065117.jpg
1734052577,3796_20241213_064617.jpg
1734052257,3796_20241213_064057.jpg
1734051977,3796_20241213_063617.jpg
1734051677,3796_20241213_063117.jpg
1734051376,3796_20241213_062616.jpg
1734051076,3796_20241213_062116.jpg
1734050796,3796_20241213_061636.jpg
1734050496,3796_20241213_061136.jpg
1734049855,3796_20241213_060055.jpg
1734049575,3796_20241213_055615.jpg
1734049295,3796_20241213_055135.jpg
1734048995,3796_20241213_054635.jpg
1734048675,3796_20241213_054115.jpg
1734048375,3796_20241213_053615.jpg
1734048054,3796_20241213_053054.jpg
1734047774,3796_20241213_052614.jpg
1734047494,3796_20241213_052134.jpg
1734047194,3796_20241213_051634.jpg
1734046874,3796_20241213_051114.jpg
1734046573,3796_20241213_050613.jpg
1734046293,3796_20241213_050133.jpg
1734045973,3796_20241213_045613.jpg
1734045693,3796_20241213_045133.jpg
1734045393,3796_20241213_044633.jpg
1734045073,3796_20241213_044113.jpg
1734044792,3796_20241213_043632.jpg
1734044492,3796_20241213_043132.jpg
1734044212,3796_20241213_042652.jpg
1734043892,3796_20241213_042132.jpg
1734043572,3796_20241213_041612.jpg
1734043292,3796_20241213_041132.jpg
1734042991,3796_20241213_040631.jpg
1734042671,3796_20241213_040111.jpg
1734042371,3796_20241213_035611.jpg
1734042091,3796_20241213_035131.jpg
1734041771,3796_20241213_034611.jpg
1734041490,3796_20241213_034130.jpg
1734041190,3796_20241213_033630.jpg
1734040870,3796_20241213_033110.jpg
1734040590,3796_20241213_032630.jpg
1734040290,3796_20241213_032130.jpg
1734039989,3796_20241213_031629.jpg
1734039669,3796_20241213_031109.jpg
1734039369,3796_20241213_030609.jpg
1734039089,3796_20241213_030129.jpg
1734038769,3796_20241213_025609.jpg
1734038188,3796_20241213_024628.jpg
1734037888,3796_20241213_024128.jpg
1734037588,3796_20241213_023628.jpg
1734037268,3796_20241213_023108.jpg
1734036987,3796_20241213_022627.jpg
1734036687,3796_20241213_022127.jpg
1734036387,3796_20241213_021627.jpg
1734036067,3796_20241213_021107.jpg
1734035767,3796_20241213_020607.jpg
1734035487,3796_20241213_020127.jpg
1734035166,3796_20241213_015606.jpg
1734034866,3796_20241213_015106.jpg
1734034586,3796_20241213_014626.jpg
1734034266,3796_20241213_014106.jpg
1734034005,3796_20241213_013645.jpg
1734033685,3796_20241213_013125.jpg
1734033385,3796_20241213_012625.jpg
1734033085,3796_20241213_012125.jpg
1734032785,3796_20241213_011625.jpg
1734032465,3796_20241213_011105.jpg
1734032204,3796_20241213_010644.jpg
1734031864,3796_20241213_010104.jpg
1734031564,3796_20241213_005604.jpg
1734031264,3796_20241213_005104.jpg
1734030964,3796_20241213_004604.jpg
1734030663,3796_20241213_004103.jpg
1734030403,3796_20241213_003643.jpg
1734030063,3796_20241213_003103.jpg
1734029763,3796_20241213_002603.jpg
1734029483,3796_20241213_002123.jpg
1734029162,3796_20241213_001602.jpg
1734028862,3796_20241213_001102.jpg
1734028562,3796_20241213_000602.jpg
1734028302,3796_20241213_000142.jpg
1734027962,3796_20241212_235602.jpg
1734027681,3796_20241212_235121.jpg
1734027361,3796_20241212_234601.jpg
1734027081,3796_20241212_234121.jpg
1734026801,3796_20241212_233641.jpg
1734026480,3796_20241212_233120.jpg
1734026200,3796_20241212_232640.jpg
1734025900,3796_20241212_232140.jpg
1734025580,3796_20241212_231620.jpg
1734025280,3796_20241212_231120.jpg
1734024960,3796_20241212_230600.jpg
1734024679,3796_20241212_230119.jpg
1734024399,3796_20241212_225639.jpg
1734024099,3796_20241212_225139.jpg
1734023779,3796_20241212_224619.jpg
1734023478,3796_20241212_224118.jpg
1734023198,3796_20241212_223638.jpg
1734022858,3796_20241212_223058.jpg
1734022598,3796_20241212_222638.jpg
1734022298,3796_20241212_222138.jpg
1734021997,3796_20241212_221637.jpg
1734021657,3796_20241212_221057.jpg
1734021397,3796_20241212_220637.jpg
1734021077,3796_20241212_220117.jpg
1734020777,3796_20241212_215617.jpg
1734020496,3796_20241212_215136.jpg
1734020196,3796_20241212_214636.jpg
1734019896,3796_20241212_214136.jpg
1734019296,3796_20241212_213136.jpg
1734018975,3796_20241212_212615.jpg
1734018695,3796_20241212_212135.jpg
1734018375,3796_20241212_211615.jpg
1734018095,3796_20241212_211135.jpg
1734017795,3796_20241212_210635.jpg
1734017494,3796_20241212_210134.jpg
1734017194,3796_20241212_205634.jpg
1734016874,3796_20241212_205114.jpg
1734016574,3796_20241212_204614.jpg
1734016274,3796_20241212_204114.jpg
1734015973,3796_20241212_203613.jpg
1734015693,3796_20241212_203133.jpg
1734015393,3796_20241212_202633.jpg
1734015093,3796_20241212_202133.jpg
1734014793,3796_20241212_201633.jpg
1734014472,3796_20241212_201112.jpg
1734014212,3796_20241212_200652.jpg
1734013872,3796_20241212_200112.jpg
1734013592,3796_20241212_195632.jpg
1734013292,3796_20241212_195132.jpg
1734012972,3796_20241212_194612.jpg
1734012691,3796_20241212_194131.jpg
1734012371,3796_20241212_193611.jpg
1734012071,3796_20241212_193111.jpg
1734011791,3796_20241212_192631.jpg
1734011491,3796_20241212_192131.jpg
1734011190,3796_20241212_191630.jpg
1734010870,3796_20241212_191110.jpg
1734010610,3796_20241212_190650.jpg
1734010270,3796_20241212_190110.jpg
1734009970,3796_20241212_185610.jpg
1734009670,3796_20241212_185110.jpg
1734009409,3796_20241212_184649.jpg
1734009069,3796_20241212_184109.jpg
1734008789,3796_20241212_183629.jpg
1734008489,3796_20241212_183129.jpg
1734008169,3796_20241212_182609.jpg
1734007868,3796_20241212_182108.jpg
1734007568,3796_20241212_181608.jpg
1734007268,3796_20241212_181108.jpg
1734006988,3796_20241212_180628.jpg
1734006688,3796_20241212_180128.jpg
1734006368,3796_20241212_175608.jpg
1734006107,3796_20241212_175147.jpg
1734005807,3796_20241212_174647.jpg
1734005467,3796_20241212_174107.jpg
1734005207,3796_20241212_173647.jpg
1734004867,3796_20241212_173107.jpg
1734004567,3796_20241212_172607.jpg
1734004267,3796_20241212_172107.jpg
1734004006,3796_20241212_171646.jpg
1734003666,3796_20241212_171106.jpg
1734003366,3796_20241212_170606.jpg
1734003066,3796_20241212_170106.jpg
1734002806,3796_20241212_165646.jpg
1734002485,3796_20241212_165125.jpg
1734002205,3796_20241212_164645.jpg
1734001885,3796_20241212_164125.jpg
1734001605,3796_20241212_163645.jpg
1734001265,3796_20241212_163105.jpg
1734000964,3796_20241212_162604.jpg
1734000704,3796_20241212_162144.jpg
1734000364,3796_20241212_161604.jpg
1734000064,3796_20241212_161104.jpg
1733999804,3796_20241212_160644.jpg
1733999464,3796_20241212_160104.jpg
1733999203,3796_20241212_155643.jpg
1733998883,3796_20241212_155123.jpg
1733998603,3796_20241212_154643.jpg
1733998303,3796_20241212_154143.jpg
1733998003,3796_20241212_153643.jpg
1733997663,3796_20241212_153103.jpg
1733997402,3796_20241212_152642.jpg
1733997102,3796_20241212_152142.jpg
1733996782,3796_20241212_151622.jpg
1733996462,3796_20241212_151102.jpg
1733996202,3796_20241212_150642.jpg
1733995901,3796_20241212_150141.jpg
1733995601,3796_20241212_145641.jpg
1733995281,3796_20241212_145121.jpg
1733994981,3796_20241212_144621.jpg
1733994661,3796_20241212_144101.jpg
1733994401,3796_20241212_143641.jpg
1733994081,3796_20241212_143121.jpg
1733993800,3796_20241212_142640.jpg
1733993500,3796_20241212_142140.jpg
1733993180,3796_20241212_141620.jpg
1733992900,3796_20241212_141140.jpg
1733992580,3796_20241212_140620.jpg
1733992299,3796_20241212_140139.jpg
1733991979,3796_20241212_135619.jpg
1733991699,3796_20241212_135139.jpg
1733991399,3796_20241212_134639.jpg
1733991079,3796_20241212_134119.jpg
1733990799,3796_20241212_133639.jpg
1733990459,3796_20241212_133059.jpg
1733990178,3796_20241212_132618.jpg
1733989898,3796_20241212_132138.jpg
1733989598,3796_20241212_131638.jpg
1733989298,3796_20241212_131138.jpg
1733988998,3796_20241212_130638.jpg
1733988697,3796_20241212_130137.jpg
1733988397,3796_20241212_125637.jpg
1733988077,3796_20241212_125117.jpg
1733987797,3796_20241212_124637.jpg
1733987497,3796_20241212_124137.jpg
1733987197,3796_20241212_123637.jpg
1733986896,3796_20241212_123136.jpg
1733986596,3796_20241212_122636.jpg
1733986276,3796_20241212_122116.jpg
1733985996,3796_20241212_121636.jpg
1733985676,3796_20241212_121116.jpg
1733985376,3796_20241212_120616.jpg
1733985075,3796_20241212_120115.jpg
1733984775,3796_20241212_115615.jpg
1733984495,3796_20241212_115135.jpg
1733984215,3796_20241212_114655.jpg
1733983875,3796_20241212_114115.jpg
1733983595,3796_20241212_113635.jpg
1733983294,3796_20241212_113134.jpg
1733982974,3796_20241212_112614.jpg
1733982694,3796_20241212_112134.jpg
1733982414,3796_20241212_111654.jpg
1733982074,3796_20241212_111114.jpg
1733981814,3796_20241212_110654.jpg
1733981493,3796_20241212_110133.jpg
1733981173,3796_20241212_105613.jpg
1733980873,3796_20241212_105113.jpg
1733980573,3796_20241212_104613.jpg
1733980273,3796_20241212_104113.jpg
1733979973,3796_20241212_103613.jpg
1733979692,3796_20241212_103132.jpg
1733979392,3796_20241212_102632.jpg
1733979072,3796_20241212_102112.jpg
1733978812,3796_20241212_101652.jpg
1733978492,3796_20241212_101132.jpg
1733978172,3796_20241212_100612.jpg
1733977871,3796_20241212_100111.jpg
1733977591,3796_20241212_095631.jpg
1733977271,3796_20241212_095111.jpg
1733976971,3796_20241212_094611.jpg
1733976671,3796_20241212_094111.jpg
1733976070,3796_20241212_093110.jpg
1733975810,3796_20241212_092650.jpg
1733975470,3796_20241212_092110.jpg
1733975190,3796_20241212_091630.jpg
1733974890,3796_20241212_091130.jpg
1733974589,3796_20241212_090629.jpg
1733973989,3796_20241212_085629.jpg
1733973709,3796_20241212_085149.jpg
1733973389,3796_20241212_084629.jpg
1733973068,3796_20241212_084108.jpg
1733972788,3796_20241212_083628.jpg
1733972468,3796_20241212_083108.jpg
1733972208,3796_20241212_082648.jpg
1733971888,3796_20241212_082128.jpg
1733971608,3796_20241212_081648.jpg
1733971307,3796_20241212_081147.jpg
1733970987,3796_20241212_080627.jpg
1733970907,3796_20241212_080507.jpg
1733970767,3796_20241212_080247.jpg
1733970367,3796_20241212_075607.jpg
1733970087,3796_20241212_075127.jpg
1733969787,3796_20241212_074627.jpg
1733969486,3796_20241212_074126.jpg
1733969206,3796_20241212_073646.jpg
1733968866,3796_20241212_073106.jpg
1733968606,3796_20241212_072646.jpg
1733968306,3796_20241212_072146.jpg
1733967966,3796_20241212_071606.jpg
1733967705,3796_20241212_071145.jpg
1733967385,3796_20241212_070625.jpg
1733967065,3796_20241212_070105.jpg
1733966805,3796_20241212_065645.jpg
1733966465,3796_20241212_065105.jpg
1733966185,3796_20241212_064625.jpg
1733965864,3796_20241212_064104.jpg
1733965564,3796_20241212_063604.jpg
1733965284,3796_20241212_063124.jpg
1733964964,3796_20241212_062604.jpg
1733964684,3796_20241212_062124.jpg
1733964383,3796_20241212_061623.jpg
1733964083,3796_20241212_061123.jpg
1733963803,3796_20241212_060643.jpg
1733963483,3796_20241212_060123.jpg
1733963203,3796_20241212_055643.jpg
1733962882,3796_20241212_055122.jpg
1733962582,3796_20241212_054622.jpg
1733962262,3796_20241212_054102.jpg
1733961982,3796_20241212_053622.jpg
1733961662,3796_20241212_053102.jpg
1733961362,3796_20241212_052602.jpg
1733961081,3796_20241212_052121.jpg
1733960781,3796_20241212_051621.jpg
1733960481,3796_20241212_051121.jpg
1733960161,3796_20241212_050601.jpg
1733959901,3796_20241212_050141.jpg
1733959600,3796_20241212_045640.jpg
1733959260,3796_20241212_045100.jpg
1733958980,3796_20241212_044620.jpg
1733958680,3796_20241212_044120.jpg
1733958360,3796_20241212_043600.jpg
1733958060,3796_20241212_043100.jpg
1733957799,3796_20241212_042639.jpg
1733957159,3796_20241212_041559.jpg
1733956899,3796_20241212_041139.jpg
1733956598,3796_20241212_040638.jpg
1733956258,3796_20241212_040058.jpg
1733955978,3796_20241212_035618.jpg
1733955658,3796_20241212_035058.jpg
1733955358,3796_20241212_034558.jpg
1733955078,3796_20241212_034118.jpg
1733954797,3796_20241212_033637.jpg
1733954497,3796_20241212_033137.jpg
1733954157,3796_20241212_032557.jpg
1733953897,3796_20241212_032137.jpg
1733953597,3796_20241212_031637.jpg
1733952976,3796_20241212_030616.jpg
1733950855,3796_20241212_023055.jpg
1733945792,3796_20241212_010632.jpg
1733945171,3796_20241212_005611.jpg
1733942469,3796_20241212_001109.jpg
1733942169,3796_20241212_000609.jpg
1733941889,3796_20241212_000129.jpg
1733941589,3796_20241211_235629.jpg
1733941269,3796_20241211_235109.jpg
1733940988,3796_20241211_234628.jpg
1733940668,3796_20241211_234108.jpg
1733940388,3796_20241211_233628.jpg
1733940088,3796_20241211_233128.jpg
1733939788,3796_20241211_232628.jpg
1733939487,3796_20241211_232127.jpg
1733939187,3796_20241211_231627.jpg
1733938867,3796_20241211_231107.jpg
1733938567,3796_20241211_230607.jpg
1733938287,3796_20241211_230127.jpg
1733937987,3796_20241211_225627.jpg
1733937686,3796_20241211_225126.jpg
1733937366,3796_20241211_224606.jpg
1733937066,3796_20241211_224106.jpg
1733936766,3796_20241211_223606.jpg
1733936486,3796_20241211_223126.jpg
1733936165,3796_20241211_222605.jpg
1733935905,3796_20241211_222145.jpg
1733935565,3796_20241211_221605.jpg
1733935265,3796_20241211_221105.jpg
1733935005,3796_20241211_220645.jpg
1733934685,3796_20241211_220125.jpg
1733934404,3796_20241211_215644.jpg
1733934104,3796_20241211_215144.jpg
1733933784,3796_20241211_214624.jpg
1733933464,3796_20241211_214104.jpg
1733933184,3796_20241211_213624.jpg
1733932863,3796_20241211_213103.jpg
1733932563,3796_20241211_212603.jpg
1733932283,3796_20241211_212123.jpg
1733931963,3796_20241211_211603.jpg
1733931683,3796_20241211_211123.jpg
1733931402,3796_20241211_210642.jpg
1733931082,3796_20241211_210122.jpg
1733930782,3796_20241211_205622.jpg
1733930502,3796_20241211_205142.jpg
1733930182,3796_20241211_204622.jpg
1733929862,3796_20241211_204102.jpg
1733929601,3796_20241211_203641.jpg
1733929281,3796_20241211_203121.jpg
1733928961,3796_20241211_202601.jpg
1733928681,3796_20241211_202121.jpg
1733928361,3796_20241211_201601.jpg
1733928060,3796_20241211_201100.jpg
1733927780,3796_20241211_200620.jpg
1733927480,3796_20241211_200120.jpg
1733927180,3796_20241211_195620.jpg
1733926880,3796_20241211_195120.jpg
1733926559,3796_20241211_194559.jpg
1733926279,3796_20241211_194119.jpg
1733925979,3796_20241211_193619.jpg
1733925679,3796_20241211_193119.jpg
1733925379,3796_20241211_192619.jpg
1733925098,3796_20241211_192138.jpg
1733924778,3796_20241211_191618.jpg
1733924458,3796_20241211_191058.jpg
1733924178,3796_20241211_190618.jpg
1733923898,3796_20241211_190138.jpg
1733923578,3796_20241211_185618.jpg
1733923297,3796_20241211_185137.jpg
1733922997,3796_20241211_184637.jpg
1733922697,3796_20241211_184137.jpg
1733922377,3796_20241211_183617.jpg
1733922097,3796_20241211_183137.jpg
1733921777,3796_20241211_182617.jpg
1733921476,3796_20241211_182116.jpg
1733921176,3796_20241211_181616.jpg
1733920876,3796_20241211_181116.jpg
1733920596,3796_20241211_180636.jpg
1733920276,3796_20241211_180116.jpg
1733919996,3796_20241211_175636.jpg
1733919695,3796_20241211_175135.jpg
1733919375,3796_20241211_174615.jpg
1733919095,3796_20241211_174135.jpg
1733918795,3796_20241211_173635.jpg
1733918455,3796_20241211_173055.jpg
1733918194,3796_20241211_172634.jpg
1733917874,3796_20241211_172114.jpg
1733917574,3796_20241211_171614.jpg
1733917274,3796_20241211_171114.jpg
1733916994,3796_20241211_170634.jpg
1733916674,3796_20241211_170114.jpg
1733916393,3796_20241211_165633.jpg
1733916093,3796_20241211_165133.jpg
1733915773,3796_20241211_164613.jpg
1733915453,3796_20241211_164053.jpg
1733915213,3796_20241211_163653.jpg
1733914852,3796_20241211_163052.jpg
1733914572,3796_20241211_162612.jpg
1733914292,3796_20241211_162132.jpg
1733913992,3796_20241211_161632.jpg
1733913672,3796_20241211_161112.jpg
1733913392,3796_20241211_160632.jpg
1733913091,3796_20241211_160131.jpg
1733912771,3796_20241211_155611.jpg
1733912491,3796_20241211_155131.jpg
1733912171,3796_20241211_154611.jpg
1733911871,3796_20241211_154111.jpg
1733911591,3796_20241211_153631.jpg
1733911290,3796_20241211_153130.jpg
1733910990,3796_20241211_152630.jpg
1733910670,3796_20241211_152110.jpg
1733910390,3796_20241211_151630.jpg
1733910070,3796_20241211_151110.jpg
1733909770,3796_20241211_150610.jpg
1733909469,3796_20241211_150109.jpg
1733909189,3796_20241211_145629.jpg
1733908889,3796_20241211_145129.jpg
1733908569,3796_20241211_144609.jpg
1733908289,3796_20241211_144129.jpg
1733908009,3796_20241211_143649.jpg
1733907669,3796_20241211_143109.jpg
1733907368,3796_20241211_142608.jpg
1733907108,3796_20241211_142148.jpg
1733906788,3796_20241211_141628.jpg
1733906468,3796_20241211_141108.jpg
1733906168,3796_20241211_140608.jpg
1733905908,3796_20241211_140148.jpg
1733905568,3796_20241211_135608.jpg
1733905307,3796_20241211_135147.jpg
1733904967,3796_20241211_134607.jpg
1733904707,3796_20241211_134147.jpg
1733904407,3796_20241211_133647.jpg
1733904107,3796_20241211_133147.jpg
1733903767,3796_20241211_132607.jpg
1733903507,3796_20241211_132147.jpg
1733903166,3796_20241211_131606.jpg
1733902866,3796_20241211_131106.jpg
1733902606,3796_20241211_130646.jpg
1733902286,3796_20241211_130126.jpg
1733901986,3796_20241211_125626.jpg
1733901666,3796_20241211_125106.jpg
1733901386,3796_20241211_124626.jpg
1733901085,3796_20241211_124125.jpg
1733900805,3796_20241211_123645.jpg
1733900465,3796_20241211_123105.jpg
1733900205,3796_20241211_122645.jpg
1733899905,3796_20241211_122145.jpg
1733899565,3796_20241211_121605.jpg
1733899264,3796_20241211_121104.jpg
1733898984,3796_20241211_120624.jpg
1733898684,3796_20241211_120124.jpg
1733898404,3796_20241211_115644.jpg
1733898104,3796_20241211_115144.jpg
1733897784,3796_20241211_114624.jpg
1733897484,3796_20241211_114124.jpg
1733897203,3796_20241211_113643.jpg
1733896883,3796_20241211_113123.jpg
1733896603,3796_20241211_112643.jpg
1733896283,3796_20241211_112123.jpg
1733896003,3796_20241211_111643.jpg
1733895703,3796_20241211_111143.jpg
1733895382,3796_20241211_110622.jpg
1733895062,3796_20241211_110102.jpg
1733894762,3796_20241211_105602.jpg
1733894482,3796_20241211_105122.jpg
1733894182,3796_20241211_104622.jpg
1733893882,3796_20241211_104122.jpg
1733893601,3796_20241211_103641.jpg
1733893261,3796_20241211_103101.jpg
1733892981,3796_20241211_102621.jpg
1733892401,3796_20241211_101641.jpg
1733892081,3796_20241211_101121.jpg
1733891780,3796_20241211_100620.jpg
1733891500,3796_20241211_100140.jpg
1733891200,3796_20241211_095640.jpg
1733890880,3796_20241211_095120.jpg
1733890600,3796_20241211_094640.jpg
1733890300,3796_20241211_094140.jpg
1733889999,3796_20241211_093639.jpg
1733889699,3796_20241211_093139.jpg
1733889399,3796_20241211_092639.jpg
1733889099,3796_20241211_092139.jpg
1733888799,3796_20241211_091639.jpg
1733888499,3796_20241211_091139.jpg
1733888178,3796_20241211_090618.jpg
1733887898,3796_20241211_090138.jpg
1733887578,3796_20241211_085618.jpg
1733887278,3796_20241211_085118.jpg
1733886998,3796_20241211_084638.jpg
1733886698,3796_20241211_084138.jpg
1733886397,3796_20241211_083637.jpg
1733886077,3796_20241211_083117.jpg
1733885797,3796_20241211_082637.jpg
1733885497,3796_20241211_082137.jpg
1733885197,3796_20241211_081637.jpg
1733884896,3796_20241211_081136.jpg
1733884596,3796_20241211_080636.jpg
1733884516,3796_20241211_080516.jpg
1733884376,3796_20241211_080256.jpg
1733883976,3796_20241211_075616.jpg
1733883676,3796_20241211_075116.jpg
1733883396,3796_20241211_074636.jpg
1733883075,3796_20241211_074115.jpg
1733882795,3796_20241211_073635.jpg
1733882495,3796_20241211_073135.jpg
1733882195,3796_20241211_072635.jpg
1733881895,3796_20241211_072135.jpg
1733881594,3796_20241211_071634.jpg
1733881294,3796_20241211_071134.jpg
1733880974,3796_20241211_070614.jpg
1733880674,3796_20241211_070114.jpg
1733880374,3796_20241211_065614.jpg
1733880074,3796_20241211_065114.jpg
1733879793,3796_20241211_064633.jpg
1733879473,3796_20241211_064113.jpg
1733879173,3796_20241211_063613.jpg
1733878893,3796_20241211_063133.jpg
1733878573,3796_20241211_062613.jpg
1733878292,3796_20241211_062132.jpg
1733877992,3796_20241211_061632.jpg
1733877692,3796_20241211_061132.jpg
1733877372,3796_20241211_060612.jpg
1733877092,3796_20241211_060132.jpg
1733876791,3796_20241211_055631.jpg
1733876471,3796_20241211_055111.jpg
1733876191,3796_20241211_054631.jpg
1733875891,3796_20241211_054131.jpg
1733875571,3796_20241211_053611.jpg
1733875270,3796_20241211_053110.jpg
1733874990,3796_20241211_052630.jpg
1733874670,3796_20241211_052110.jpg
1733874370,3796_20241211_051610.jpg
1733874070,3796_20241211_051110.jpg
1733873769,3796_20241211_050609.jpg
1733873469,3796_20241211_050109.jpg
1733872869,3796_20241211_045109.jpg
1733872569,3796_20241211_044609.jpg
1733872268,3796_20241211_044108.jpg
1733872008,3796_20241211_043648.jpg
1733871668,3796_20241211_043108.jpg
1733871388,3796_20241211_042628.jpg
1733871088,3796_20241211_042128.jpg
1733870787,3796_20241211_041627.jpg
1733870467,3796_20241211_041107.jpg
1733870167,3796_20241211_040607.jpg
1733869887,3796_20241211_040127.jpg
1733869587,3796_20241211_035627.jpg
1733869286,3796_20241211_035126.jpg
1733868966,3796_20241211_034606.jpg
1733868686,3796_20241211_034126.jpg
1733868386,3796_20241211_033626.jpg
1733868066,3796_20241211_033106.jpg
1733867765,3796_20241211_032605.jpg
1733867485,3796_20241211_032125.jpg
1733867165,3796_20241211_031605.jpg
1733866865,3796_20241211_031105.jpg
1733866585,3796_20241211_030625.jpg
1733866264,3796_20241211_030104.jpg
1733865964,3796_20241211_025604.jpg
1733865664,3796_20241211_025104.jpg
1733865384,3796_20241211_024624.jpg
1733865064,3796_20241211_024104.jpg
1733864763,3796_20241211_023603.jpg
1733864483,3796_20241211_023123.jpg
1733864163,3796_20241211_022603.jpg
1733863883,3796_20241211_022123.jpg
1733863563,3796_20241211_021603.jpg
1733863262,3796_20241211_021102.jpg
1733862962,3796_20241211_020602.jpg
1733862682,3796_20241211_020122.jpg
1733862362,3796_20241211_015602.jpg
1733862062,3796_20241211_015102.jpg
1733861761,3796_20241211_014601.jpg
1733861461,3796_20241211_014101.jpg
1733861161,3796_20241211_013601.jpg
1733860901,3796_20241211_013141.jpg
1733860601,3796_20241211_012641.jpg
1733860281,3796_20241211_012121.jpg
1733859960,3796_20241211_011600.jpg
1733859660,3796_20241211_011100.jpg
1733859400,3796_20241211_010640.jpg
1733859060,3796_20241211_010100.jpg
1733858799,3796_20241211_005639.jpg
1733858499,3796_20241211_005139.jpg
1733858199,3796_20241211_004639.jpg
1733857859,3796_20241211_004059.jpg
1733857599,3796_20241211_003639.jpg
1733857279,3796_20241211_003119.jpg
1733856958,3796_20241211_002558.jpg
1733856678,3796_20241211_002118.jpg
1733856358,3796_20241211_001558.jpg
1733856058,3796_20241211_001058.jpg
1733855758,3796_20241211_000558.jpg
1733855457,3796_20241211_000057.jpg
1733855157,3796_20241210_235557.jpg
1733854877,3796_20241210_235117.jpg
1733854577,3796_20241210_234617.jpg
1733854297,3796_20241210_234137.jpg
1733853977,3796_20241210_233617.jpg
1733853676,3796_20241210_233116.jpg
1733853356,3796_20241210_232556.jpg
1733853096,3796_20241210_232136.jpg
1733852776,3796_20241210_231616.jpg
1733852456,3796_20241210_231056.jpg
1733852175,3796_20241210_230615.jpg
1733851895,3796_20241210_230135.jpg
1733851295,3796_20241210_225135.jpg
1733850975,3796_20241210_224615.jpg
1733850694,3796_20241210_224134.jpg
1733850394,3796_20241210_223634.jpg
1733850074,3796_20241210_223114.jpg
1733849794,3796_20241210_222634.jpg
1733849494,3796_20241210_222134.jpg
1733849173,3796_20241210_221613.jpg
1733848873,3796_20241210_221113.jpg
1733848573,3796_20241210_220613.jpg
1733848273,3796_20241210_220113.jpg
1733847973,3796_20241210_215613.jpg
1733847672,3796_20241210_215112.jpg
1733847372,3796_20241210_214612.jpg
1733847092,3796_20241210_214132.jpg
1733846792,3796_20241210_213632.jpg
1733846492,3796_20241210_213132.jpg
1733846171,3796_20241210_212611.jpg
1733845891,3796_20241210_212131.jpg
1733845571,3796_20241210_211611.jpg
1733845251,3796_20241210_211051.jpg
1733844991,3796_20241210_210631.jpg
1733844671,3796_20241210_210111.jpg
1733844370,3796_20241210_205610.jpg
1733844090,3796_20241210_205130.jpg
1733843790,3796_20241210_204630.jpg
1733843490,3796_20241210_204130.jpg
1733843170,3796_20241210_203610.jpg
1733842889,3796_20241210_203129.jpg
1733842569,3796_20241210_202609.jpg
1733842269,3796_20241210_202109.jpg
1733841969,3796_20241210_201609.jpg
1733841669,3796_20241210_201109.jpg
1733841388,3796_20241210_200628.jpg
1733841068,3796_20241210_200108.jpg
1733840768,3796_20241210_195608.jpg
1733840468,3796_20241210_195108.jpg
1733840188,3796_20241210_194628.jpg
1733839867,3796_20241210_194107.jpg
1733839567,3796_20241210_193607.jpg
1733839267,3796_20241210_193107.jpg
1733838967,3796_20241210_192607.jpg
1733838667,3796_20241210_192107.jpg
1733838386,3796_20241210_191626.jpg
1733838106,3796_20241210_191146.jpg
1733837786,3796_20241210_190626.jpg
1733837486,3796_20241210_190126.jpg
1733837206,3796_20241210_185646.jpg
1733836906,3796_20241210_185146.jpg
1733836565,3796_20241210_184605.jpg
1733836265,3796_20241210_184105.jpg
1733835965,3796_20241210_183605.jpg
1733835665,3796_20241210_183105.jpg
1733835385,3796_20241210_182625.jpg
1733835084,3796_20241210_182124.jpg
1733834784,3796_20241210_181624.jpg
1733834484,3796_20241210_181124.jpg
1733834204,3796_20241210_180644.jpg
1733833864,3796_20241210_180104.jpg
1733833604,3796_20241210_175644.jpg
1733833283,3796_20241210_175123.jpg
1733833003,3796_20241210_174643.jpg
1733832683,3796_20241210_174123.jpg
1733832383,3796_20241210_173623.jpg
1733832063,3796_20241210_173103.jpg
1733831783,3796_20241210_172623.jpg
1733831483,3796_20241210_172123.jpg
1733831182,3796_20241210_171622.jpg
1733830862,3796_20241210_171102.jpg
1733830582,3796_20241210_170622.jpg
1733830282,3796_20241210_170122.jpg
1733830002,3796_20241210_165642.jpg
1733829682,3796_20241210_165122.jpg
1733829401,3796_20241210_164641.jpg
1733829061,3796_20241210_164101.jpg
1733828801,3796_20241210_163641.jpg
1733828481,3796_20241210_163121.jpg
1733828161,3796_20241210_162601.jpg
1733827901,3796_20241210_162141.jpg
1733827580,3796_20241210_161620.jpg
1733827300,3796_20241210_161140.jpg
1733826980,3796_20241210_160620.jpg
1733826680,3796_20241210_160120.jpg
1733826380,3796_20241210_155620.jpg
1733826099,3796_20241210_155139.jpg
1733825759,3796_20241210_154559.jpg
1733825479,3796_20241210_154119.jpg
1733825199,3796_20241210_153639.jpg
1733824879,3796_20241210_153119.jpg
1733824579,3796_20241210_152619.jpg
1733824298,3796_20241210_152138.jpg
1733823978,3796_20241210_151618.jpg
1733823698,3796_20241210_151138.jpg
1733823378,3796_20241210_150618.jpg
1733823058,3796_20241210_150058.jpg
1733822798,3796_20241210_145638.jpg
1733822477,3796_20241210_145117.jpg
1733822177,3796_20241210_144617.jpg
1733821857,3796_20241210_144057.jpg
1733821597,3796_20241210_143637.jpg
1733821277,3796_20241210_143117.jpg
1733820957,3796_20241210_142557.jpg
1733820696,3796_20241210_142136.jpg
1733820376,3796_20241210_141616.jpg
1733820076,3796_20241210_141116.jpg
1733819796,3796_20241210_140636.jpg
1733819496,3796_20241210_140136.jpg
1733819176,3796_20241210_135616.jpg
1733818895,3796_20241210_135135.jpg
1733818595,3796_20241210_134635.jpg
1733818295,3796_20241210_134135.jpg
1733817955,3796_20241210_133555.jpg
1733817675,3796_20241210_133115.jpg
1733817395,3796_20241210_132635.jpg
1733817074,3796_20241210_132114.jpg
1733816754,3796_20241210_131554.jpg
1733816454,3796_20241210_131054.jpg
1733816194,3796_20241210_130634.jpg
1733815894,3796_20241210_130134.jpg
1733815574,3796_20241210_125614.jpg
1733815313,3796_20241210_125153.jpg
1733814973,3796_20241210_124613.jpg
1733814693,3796_20241210_124133.jpg
1733814393,3796_20241210_123633.jpg
1733814093,3796_20241210_123133.jpg
1733813773,3796_20241210_122613.jpg
1733813472,3796_20241210_122112.jpg
1733813172,3796_20241210_121612.jpg
1733812892,3796_20241210_121132.jpg
1733812592,3796_20241210_120632.jpg
1733812292,3796_20241210_120132.jpg
1733811972,3796_20241210_115612.jpg
1733811671,3796_20241210_115111.jpg
1733811371,3796_20241210_114611.jpg
1733811091,3796_20241210_114131.jpg
1733810791,3796_20241210_113631.jpg
1733810491,3796_20241210_113131.jpg
1733810190,3796_20241210_112630.jpg
1733809890,3796_20241210_112130.jpg
1733809570,3796_20241210_111610.jpg
1733809270,3796_20241210_111110.jpg
1733808990,3796_20241210_110630.jpg
1733808670,3796_20241210_110110.jpg
1733808369,3796_20241210_105609.jpg
1733808069,3796_20241210_105109.jpg
1733807789,3796_20241210_104629.jpg
1733807469,3796_20241210_104109.jpg
1733807189,3796_20241210_103629.jpg
1733806888,3796_20241210_103128.jpg
1733806568,3796_20241210_102608.jpg
1733806268,3796_20241210_102108.jpg
1733805968,3796_20241210_101608.jpg
1733805668,3796_20241210_101108.jpg
1733805388,3796_20241210_100628.jpg
1733805087,3796_20241210_100127.jpg
1733804767,3796_20241210_095607.jpg
1733804487,3796_20241210_095127.jpg
1733804187,3796_20241210_094627.jpg
1733803867,3796_20241210_094107.jpg
1733803567,3796_20241210_093607.jpg
1733803266,3796_20241210_093106.jpg
1733802986,3796_20241210_092626.jpg
1733802666,3796_20241210_092106.jpg
1733802386,3796_20241210_091626.jpg
1733802086,3796_20241210_091126.jpg
1733801806,3796_20241210_090646.jpg
1733801465,3796_20241210_090105.jpg
1733801185,3796_20241210_085625.jpg
1733800885,3796_20241210_085125.jpg
1733800585,3796_20241210_084625.jpg
1733800265,3796_20241210_084105.jpg
1733800005,3796_20241210_083645.jpg
1733799684,3796_20241210_083124.jpg
1733799364,3796_20241210_082604.jpg
1733799084,3796_20241210_082124.jpg
1733798784,3796_20241210_081624.jpg
1733798484,3796_20241210_081124.jpg
1733798204,3796_20241210_080644.jpg
1733798103,3796_20241210_080503.jpg
1733797963,3796_20241210_080243.jpg
1733797563,3796_20241210_075603.jpg
1733797283,3796_20241210_075123.jpg
1733796963,3796_20241210_074603.jpg
1733796663,3796_20241210_074103.jpg
1733796402,3796_20241210_073642.jpg
1733796062,3796_20241210_073102.jpg
1733795802,3796_20241210_072642.jpg
1733795482,3796_20241210_072122.jpg
1733795182,3796_20241210_071622.jpg
1733794862,3796_20241210_071102.jpg
1733794601,3796_20241210_070641.jpg
1733794281,3796_20241210_070121.jpg
1733793961,3796_20241210_065601.jpg
1733793681,3796_20241210_065121.jpg
1733793381,3796_20241210_064621.jpg
1733793100,3796_20241210_064140.jpg
1733792780,3796_20241210_063620.jpg
1733792480,3796_20241210_063120.jpg
1733792180,3796_20241210_062620.jpg
1733791880,3796_20241210_062120.jpg
1733791579,3796_20241210_061619.jpg
1733791279,3796_20241210_061119.jpg
1733790959,3796_20241210_060559.jpg
1733790679,3796_20241210_060119.jpg
1733790379,3796_20241210_055619.jpg
1733790078,3796_20241210_055118.jpg
1733789758,3796_20241210_054558.jpg
1733789458,3796_20241210_054058.jpg
1733789158,3796_20241210_053558.jpg
1733788858,3796_20241210_053058.jpg
1733788578,3796_20241210_052618.jpg
1733788277,3796_20241210_052117.jpg
1733787977,3796_20241210_051617.jpg
1733787677,3796_20241210_051117.jpg
1733787377,3796_20241210_050617.jpg
1733787077,3796_20241210_050117.jpg
1733786776,3796_20241210_045616.jpg
1733786476,3796_20241210_045116.jpg
1733786196,3796_20241210_044636.jpg
1733785876,3796_20241210_044116.jpg
1733785576,3796_20241210_043616.jpg
1733785275,3796_20241210_043115.jpg
1733784975,3796_20241210_042615.jpg
1733784675,3796_20241210_042115.jpg
1733784355,3796_20241210_041555.jpg
1733784075,3796_20241210_041115.jpg
1733783774,3796_20241210_040614.jpg
1733783494,3796_20241210_040134.jpg
1733783174,3796_20241210_035614.jpg
1733782874,3796_20241210_035114.jpg
1733782594,3796_20241210_034634.jpg
1733782293,3796_20241210_034133.jpg
1733781973,3796_20241210_033613.jpg
1733781373,3796_20241210_032613.jpg
1733781093,3796_20241210_032133.jpg
1733780772,3796_20241210_031612.jpg
1733780472,3796_20241210_031112.jpg
1733780172,3796_20241210_030612.jpg
1733779872,3796_20241210_030112.jpg
1733779571,3796_20241210_025611.jpg
1733779271,3796_20241210_025111.jpg
1733778971,3796_20241210_024611.jpg
1733778671,3796_20241210_024111.jpg
1733778371,3796_20241210_023611.jpg
1733778070,3796_20241210_023110.jpg
1733777770,3796_20241210_022610.jpg
1733777470,3796_20241210_022110.jpg
1733777170,3796_20241210_021610.jpg
1733776870,3796_20241210_021110.jpg
1733776569,3796_20241210_020609.jpg
1733776269,3796_20241210_020109.jpg
1733775969,3796_20241210_015609.jpg
1733775669,3796_20241210_015109.jpg
1733775369,3796_20241210_014609.jpg
1733774768,3796_20241210_013608.jpg
1733774488,3796_20241210_013128.jpg
1733774188,3796_20241210_012628.jpg
1733773888,3796_20241210_012128.jpg
1733773567,3796_20241210_011607.jpg
1733773287,3796_20241210_011127.jpg
1733772967,3796_20241210_010607.jpg
1733772667,3796_20241210_010107.jpg
1733772367,3796_20241210_005607.jpg
1733772066,3796_20241210_005106.jpg
1733771766,3796_20241210_004606.jpg
1733771506,3796_20241210_004146.jpg
1733771186,3796_20241210_003626.jpg
1733770866,3796_20241210_003106.jpg
1733770566,3796_20241210_002606.jpg
1733770265,3796_20241210_002105.jpg
1733769965,3796_20241210_001605.jpg
1733769685,3796_20241210_001125.jpg
1733769405,3796_20241210_000645.jpg
1733769085,3796_20241210_000125.jpg
1733768764,3796_20241209_235604.jpg
